iamneethish,watch
WesleysKidrauhl,waitforaminute
sonymusicsg,move
sonymusicsg,move
sonymusicsg,salute
mlane723,way
mlane723,smurfsvillage
enibelieve98,waitforaminute
enibelieve98,song
_claudiaolg,waitforaminute
_claudiaolg,holdtight
turnupwithbiebs,waitforaminute
turnupwithbiebs,song
turnupwithbiebs,clubsmash
FirstBelieber98,waitforaminute
FirstBelieber98,song
FirstBelieber98,clubsmash
bobbyedegbo,take
bobbyedegbo,take
bobbyedegbo,take
bobbyedegbo,price
bobbyedegbo,price
bobbyedegbo,price
bobbyedegbo,order
bobbyedegbo,order
bobbyedegbo,order
JoannaBelieber6,waitforaminute
JoannaBelieber6,holdtight
UGADawgsSong,godawgs
UGADawgsSong,takeusviral
monika_belieber,waitforaminute
monika_belieber,holdtight
monika_belieber,holdtight
monika_belieber,holdtight
monika_belieber,holdtight
monika_belieber,take
monika_belieber,go
monika_belieber,head
monika_belieber,ever
monika_belieber,like
monika_belieber,musicmondays
monika_belieber,newmusic
Elma_Mahone,like
Elma_Mahone,slowdown
gaz40k,free
gaz40k,free
gaz40k,ipod
gaz40k,follower
DylanOregui,like
francyCorner90,use
francyCorner90,freelancer
francyCorner90,cool
francyCorner90,timesheet
francyCorner90,app
francyCorner90,test
francyCorner90,game
francyCorner90,game
francyCorner90,ios
francyCorner90,retweet
francyCorner90,reaction
Tuta_Hood,free
Tuta_Hood,every
Tuta_Hood,level
Tuta_Hood,csrclassics
thirlwzll,move
thirlwzll,move
thirlwzll,salute
7amdalhmmadi,free
7amdalhmmadi,csrclassics
JenniFlight91,education
JenniFlight91,education
JenniFlight91,spanish
JenniFlight91,mac
JenniFlight91,backtoschool
Biebernicorn,go
Biebernicorn,tight
Biebernicorn,lyricsthatneedtobeshouted
Biebernicorn,holdtightonitunes
FzMaximin,happy
FzMaximin,happy
FzMaximin,quoteoneygirls
brightstartapps,education
brightstartapps,education
brightstartapps,right
brightstartapps,store
brightstartapps,number
brightstartapps,appsforkids
brightstartapps,specialneeds
JustinBr_Fan,waitforaminute
JustinBr_Fan,song
JustinBr_Fan,clubsmash
altima93lov,free
altima93lov,csrclassics
DetaDoctor,countrymusic
DetaDoctor,rock
valeriamarullo,waitforaminute
valeriamarullo,holdtight
Down2DT,deep
Down2DT,love
demolllll,book
JessyPelletier,smurfsvillage
JessyPelletier,space
Jewminatti,use
Jewminatti,friends
Jewminatti,fans
Jewminatti,supporters
Jewminatti,hashtag
Jewminatti,pound
Jewminatti,jewminatti
Jewminatti,jewminattiganggang
Jewminatti,usa
atziriswaggy,waitforaminute
atziriswaggy,holdtight
HubTwit,line
JacquelineD77,use
JacquelineD77,education
JacquelineD77,education
JacquelineD77,education
JacquelineD77,education
JacquelineD77,spanish
JacquelineD77,mac
JacquelineD77,mac
JacquelineD77,teaching
JacquelineD77,teaching
JacquelineD77,osx
JacquelineD77,osx
JacquelineD77,edtech
JacquelineD77,edtech
JacquelineD77,learning
JacquelineD77,learning
amymwicks,give
RetweetPhoenix,ipad
RetweetPhoenix,technology
YleniaCorrenti1,waitforaminute
YleniaCorrenti1,song
tiararango31,free
tiararango31,every
tiararango31,level
tiararango31,csrclassics
MakariosAgumbi,responsible
MakariosAgumbi,almost
WoolyBear26,go
STWard_Team,girl
STWard_Team,girl
STWard_Team,girl
STWard_Team,girl
STWard_Team,girl
STWard_Team,galwaygirlwardfosterandallen
STWard_Team,galwaygirlwardfosterandallen
STWard_Team,galwaygirlwardfosterandallen
STWard_Team,galwaygirlwardfosterandallen
STWard_Team,galwaygirlwardfosterandallen
KiddChroN,way
KiddChroN,way
KiddChroN,hecookin
KiddChroN,hecookin
BiebersWife1994,waitforaminute
Fettabob,free
Fettabob,csrclassics
CannonballMail,start
1D5SOSLMTScript,move
1D5SOSLMTScript,move
1D5SOSLMTScript,salute
Semihkol,free
Semihkol,join
Semihkol,csrracing
Pauliie_,use
SweetLipzJ29,smurfsvillage
DCYPLE4LIFE,wakeupep
DCYPLE4LIFE,dcypha
danisuitpatco,keep
danisuitpatco,cause
Janetzybiebs,waitforaminute
Janetzybiebs,song
Blastingcold,way
Blastingcold,smurfsvillage
The_PurpleRose,damn
tuitui13,join
tuitui13,mine
tuitui13,control
DerzaditRSD,free
DerzaditRSD,csrclassics
EA_SouthAfrica,free
EA_SouthAfrica,south
yuribieber96,waitforaminute
SamReedy1,yes
Gianna_Vias,sausage
Gianna_Vias,sauce
fanwebsiteApps,watch
fanwebsiteApps,education
fanwebsiteApps,education
fanwebsiteApps,mac
fanwebsiteApps,osx
fanwebsiteApps,learning
fanwebsiteApps,learning
fanwebsiteApps,russian
fanwebsiteApps,gadgets
fanwebsiteApps,tc
fanwebsiteApps,ipadevent
fanwebsiteApps,techcru
hillpups,free
hillpups,csrclassics
MostlyHated_,word
raniakhan136,waitforaminute
raniakhan136,song
raniakhan136,clubsmash
Neishalyir,waitforaminute
Neishalyir,waitforaminute
Neishalyir,song
Neishalyir,song
Neishalyir,clubsmash
ZunSmith,free
ZunSmith,free
ZunSmith,csrclassics
ZunSmith,csrclassics
ZunSmith,paintjob
EmelOturu,watch
KarlShowbiz,news
KarlShowbiz,appletv
CoreyRoland,fall
SvetaSky_,love
SvetaSky_,newmusic
SvetaSky_,foreword
SvetaSky_,much
SvetaSky_,heart
Episistune,watch
Episistune,appleevent
biebdorable_,holdtight
biebdorable_,like
biebdorable_,musicmondays
biebdorable_,newmusic
ToriKellyUK,foreword
JaitlinF,waitforaminute
JaitlinF,waitforaminute
JaitlinF,holdtight
PessoaJo,smurfsvillage
PessoaJo,space
PessoaJo,place
PessoaJo,cut
maidaimao,use
maidaimao,card
maidaimao,fantasica
eliselol,whale
cathrinebraaten,free
cathrinebraaten,whatstheemoji
Brandon_Ellis12,green
Brandon_Ellis12,homewardbound
KaterynaByelova,waitforaminute
KaterynaByelova,waitforaminute
KaterynaByelova,song
KaterynaByelova,clubsmash
KrystyneElliott,sad
KrystyneElliott,seem
yeoljik,make
KynBieber,waitforaminute
KynBieber,waitforaminute
KynBieber,holdtight
strongsdrew,letitgo
strongsdrew,buyl
Dope_PrttyBxtch,app
MinWinTheGreat,like
MinWinTheGreat,start
MinWinTheGreat,business
MinWinTheGreat,hope
A7MDMARIO,free
A7MDMARIO,csrclassics
avonsbieba,waitforaminute
avonsbieba,waitforaminute
avonsbieba,holdtight
MADEINUSA99,waitforaminute
MADEINUSA99,waitforaminute
MADEINUSA99,holdtight
ceciliapepi,waitforaminute
ceciliapepi,song
ceciliapepi,clubsmash
ceciliapepi,like
ceciliapepi,slowdown
SMILE_LOVATICS,go
VLindero,waitforaminute
VLindero,holdtight
frato_rt_bot,cook
frato_rt_bot,board
frato_rt_bot,school
chershomie,move
chershomie,move
chershomie,salute
zulkar_98,eye
zulkar_98,cumannanya
BieberSWAGG096,waitforaminute
BieberSWAGG096,holdtight
eBook_Thrillers,book
eBook_Thrillers,book
eBook_Thrillers,ibooks
eBook_Thrillers,romance
eBook_Thrillers,scifi
Abo__Sameer,free
Abo__Sameer,join
Abo__Sameer,csrracing
DJQuincyuk,stick
_ilovekidrauhl,waitforaminute
_ilovekidrauhl,holdtight
kjl_12,fitquote
ImSultannn,tweepr
kidrauhlsmower,waitforaminute
kidrauhlsmower,holdtight
yoyoz2000,free
yoyoz2000,free
yoyoz2000,csrclassics
yoyoz2000,csrclassics
cutemee,free
cutemee,csrclassics
Bodhi68777,dailyquote
Bodhi68777,qotd
viragdesai,watch
MyIdol_JustinDB,holdtight
MyIdol_JustinDB,holdtight
MyIdol_JustinDB,take
MyIdol_JustinDB,go
MyIdol_JustinDB,go
MyIdol_JustinDB,head
MyIdol_JustinDB,ever
MyIdol_JustinDB,little
MyIdol_JustinDB,work
MyIdol_JustinDB,minute
MyIdol_JustinDB,lastkings
rituashrafi,eye
rituashrafi,little
T_Tommy,touch
xswagway,waitforaminute
xswagway,waitforaminute
xswagway,song
xswagway,holdtight
xswagway,clubsmash
husnul462,back
husnul462,top
bigsam18,dailyquote
bigsam18,little
jasmine_sumirat,store
jasmine_sumirat,store
MunaAdell,move
MunaAdell,move
MunaAdell,salute
JDBfavgirl,waitforaminute
JDBfavgirl,waitforaminute
JDBfavgirl,holdtight
applenews_us,much
Life_demoniac,waitforaminute
Life_demoniac,holdtight
dakidwhorauhls,waitforaminute
dakidwhorauhls,song
dakidwhorauhls,holdtight
dakidwhorauhls,go
dakidwhorauhls,number
Onikalauryn,deep
Onikalauryn,love
miamcsummer88,cool
miamcsummer88,app
miamcsummer88,hard
miamcsummer88,test
miamcsummer88,game
miamcsummer88,game
miamcsummer88,ios
chloedulce,support
chloedulce,group
chloedulce,farm
HiTechFeed,offer
HiTechFeed,hightech
HiTechFeed,hightech
HiTechFeed,macrumors
HiTechFeed,macrumors
HiTechFeed,late
HiTechFeed,year
Fishinforbiebs,waitforaminute
Fishinforbiebs,holdtight
MeMyselfnNicole,waitforaminute
MeMyselfnNicole,holdtight
zeynepkaplaan,water
zeynepkaplaan,water
zeynepkaplaan,friend
zeynepkaplaan,friend
zeynepkaplaan,scholl
zeynepkaplaan,funny
zeynepkaplaan,rejim
ilayd_akn,waitforaminute
ilayd_akn,waitforaminute
ilayd_akn,song
ilayd_akn,holdtight
ilayd_akn,holdtight
ilayd_akn,clubsmash
ilayd_akn,go
ilayd_akn,go
ilayd_akn,musicmondays
ilayd_akn,word
ilayd_akn,room
ilayd_akn,turn
megarich22x,business
Amad_C4clan,store
Ka296,beautiful
selenator1dlm,like
selenator1dlm,slowdown
WithMccann,waitforaminute
WithMccann,holdtight
lulubunny0_0,smurfsvillage
lulubunny0_0,island
LovesTata,go
LovesTata,tight
LovesTata,lyricsthatneedtobeshouted
LovesTata,holdtightonitunes
jordrobinsonn,like
jordrobinsonn,right
kidrauhlsgurl16,waitforaminute
kidrauhlsgurl16,holdtight
xsarschax,hair
xsarschax,fire
leidy_joha55,store
leidy_joha55,store
dabieberswag12,way
dabieberswag12,go
dabieberswag12,love
dabieberswag12,sweeterthanfiction
3pointSolutions,thisisukgrime
jopocop,ios
jopocop,mobile
jopocop,google
jopocop,android
jopocop,aapl
jopocop,goog
Monica_1256,waitforaminute
Monica_1256,holdtight
NewsAceTV,technology
NewsAceTV,technology
NaomiClark97,song
NaomiClark97,hope
NaomiClark97,brother
CournoyerMe,freemusic
CournoyerMe,freemusic
CournoyerMe,acid
CournoyerMe,bath
FSupavit,free
FSupavit,csrclassics
the_real_smith,watch
lianett313,waitforaminute
lianett313,song
lianett313,go
lianett313,minute
lianett313,lastkings
SMH_Historians,history
SMH_Historians,history
SMH_Historians,scotland
Milton_Bermudez,smurfsvillage
Milton_Bermudez,help
Milton_Bermudez,play
UCWNews,watch
UCWNews,technology
UCWNews,ucwradio
jackie09228,waitforaminute
jackie09228,go
jdbismyheroooo,waitforaminute
jdbismyheroooo,song
jdbismyheroooo,clubsmash
JimmyyLiv,waitforaminute
JimmyyLiv,waitforaminute
JimmyyLiv,song
JimmyyLiv,holdtight
JimmyyLiv,clubsmash
Okaana_Kaantu,screw
Okaana_Kaantu,fruit
dir_lm2525,move
dir_lm2525,move
dir_lm2525,salute
mscandyapple123,way
mscandyapple123,smurfsvillage
1Dprincesssssss,way
1Dprincesssssss,beautiful
1Dprincesssssss,beautiful
lioszik,free
lioszik,csrclassics
Id898,free
Id898,free
Id898,csrclassics
Id898,csrclassics
6SigmaProEngr,watch
AlexisNFisher,smurfsvillage
AlexisNFisher,space
AlexisNFisher,place
AlexisNFisher,cut
bealey45,take
bealey45,store
mmaren,book
icallhimjerry,waitforaminute
icallhimjerry,song
icallhimjerry,go
icallhimjerry,tight
icallhimjerry,lyricsthatneedtobeshouted
icallhimjerry,holdtightonitunes
TSwizzleLover13,fiction
EpricitySam,watch
belieber1505_,waitforaminute
belieber1505_,waitforaminute
belieber1505_,holdtight
AylineCuellar,newmusic
AylineCuellar,foreword
Its_MoMoney,pie
biebswinks,waitforaminute
biebswinks,song
biebswinks,clubsmash
NiallJHoraann,holdtight
NiallJHoraann,go
NiallJHoraann,musicmondays
NiallJHoraann,word
NiallJHoraann,room
NiallJHoraann,turn
Alejabelieber99,waitforaminute
Alejabelieber99,holdtight
Alejabelieber99,go
Alejabelieber99,minute
Alejabelieber99,lastkings
valenloca21,waitforaminute
valenloca21,song
dezadobiebs,waitforaminute
dezadobiebs,song
dezadobiebs,clubsmash
dezadobiebs,go
dezadobiebs,minute
dezadobiebs,lastkings
fogoef,free
fogoef,csrracing
xuserjam,mavericks
xuserjam,goldenmaster
PreacherLDJ,store
PreacherLDJ,play
PreacherLDJ,church
OttawaStrFood,crab
OttawaStrFood,shrimp
OttawaStrFood,fish
Sophieebieber7,go
Sophieebieber7,minute
Sophieebieber7,lastkings
Superhosanna,order
Superhosanna,good
Superhosanna,appleofmyeye
GYOmag,sauce
GYOmag,cinnamon
GYOmag,apples
lpaolaf,waitforaminute
lpaolaf,holdtight
MuthNe,offer
Epricity2,year
Epricity2,appleinc
matea_juric,waitforaminute
matea_juric,song
matea_juric,clubsmash
NIALLZKATE,use
NIALLZKATE,private
nagel_elaine,go
nagel_elaine,minute
nagel_elaine,lastkings
anaaayeli_,little
anaaayeli_,pie
anaaayeli_,sister
anaaayeli_,milk
rayan_344,free
rayan_344,csrclassics
LuiisMoonster,waitforaminute
LuiisMoonster,song
kinger6668,free
kinger6668,csrclassics
larryfreeman63,damn
larryfreeman63,app
larryfreeman63,game
larryfreeman63,game
larryfreeman63,ios
larryfreeman63,good
larryfreeman63,retweet
2FlyY4DiSsHyT,hair
2FlyY4DiSsHyT,comfortable
evelinOLLG,waitforaminute
alinanos,way
alinanos,go
alinanos,love
alinanos,sweeterthanfiction
Onitael79,watch
elma92080588,waitforaminute
elma92080588,holdtight
lenboyer98,everymilematters
bieber_swaggy15,waitforaminute
bieber_swaggy15,holdtight
muhammed_muller,ever
muhammed_muller,thunder
glm21,smurfsvillage
glm21,love
glm21,blue
glm21,blue
glm21,hanging
rizkaaasp,waitforaminute
rizkaaasp,song
rizkaaasp,holdtight
rizkaaasp,go
rizkaaasp,musicmondays
rizkaaasp,word
rizkaaasp,room
rizkaaasp,turn
iS3oDy,tweepr
hastudioo,mavericks
hastudioo,macosx
lauracrimaldi,go
VivianCastler,move
VivianCastler,move
VivianCastler,salute
ramos_celeste,waitforaminute
ramos_celeste,holdtight
berit_birkeland,white
berit_birkeland,end
ZTannerS,free
ZTannerS,level
ZTannerS,csrracing
iPromiseRauhl,waitforaminute
AusHaltertops,laboroflove
AustinMahoneNLD,go
AustinMahoneNLD,every
AustinMahoneNLD,store
RemoteAppDev,ipad
RemoteAppDev,app
RemoteAppDev,ios
RemoteAppDev,games
RemoteAppDev,arcade
RemoteAppDev,fun
Bieber_Yari,waitforaminute
Bieber_Yari,holdtight
carocdiaz,waitforaminute
carocdiaz,song
carocdiaz,clubsmash
lVathan_,store
lVathan_,music
lVathan_,music
MargaretAtiva,waitforaminute
MargaretAtiva,waitforaminute
MargaretAtiva,song
MargaretAtiva,song
MargaretAtiva,clubsmash
MargaretAtiva,go
MargaretAtiva,minute
MargaretAtiva,lastkings
novela_ririn,waitforaminute
novela_ririn,song
novela_ririn,clubsmash
HarrysTidyWidys,store
jenmcbee63,damn
jenmcbee63,app
jenmcbee63,game
jenmcbee63,game
jenmcbee63,ios
jenmcbee63,good
jenmcbee63,retweet
Amezuddin,free
Amezuddin,csrclassics
nobelsn,watch
nobelsn,startups
jameswiltshire,like
jameswiltshire,make
_lolly_kidrauhl,waitforaminute
_lolly_kidrauhl,song
_lolly_kidrauhl,clubsmash
roshaz1,free
roshaz1,csrclassics
manusntna,waitforaminute
manusntna,holdtight
KekesKidrauhl,worklikeyouloveme
whocarejb,waitforaminute
whocarejb,song
UpliftingGeorge,beautiful
BlakMusicFirst,np
JackDelll,reason
MarquezDelila,deep
MarquezDelila,love
Rimoh_Jacob,word
adamelswing,free
adamelswing,csrclassics
DanPinder_,need
DanPinder_,bbm
eAnagnostis,ipad
eAnagnostis,ebookgr
iPamelaCH,waitforaminute
iPamelaCH,song
iPamelaCH,clubsmash
ariskidrauhlin,waitforaminute
ariskidrauhlin,waitforaminute
ariskidrauhlin,waitforaminute
ariskidrauhlin,song
ariskidrauhlin,song
ariskidrauhlin,holdtight
ariskidrauhlin,clubsmash
ariskidrauhlin,go
ariskidrauhlin,minute
ariskidrauhlin,lastkings
_jgris,good
_jgris,forward
nasibarufatsson,waitforaminute
nasibarufatsson,song
nasibarufatsson,clubsmash
iPadTribe,ipad
iPadTribe,app
iPadTribe,business
iPadTribe,business
Takemenu,free
Copyright101,store
Copyright101,music
Copyright101,music
wongseelawot,love
wongseelawot,dailylove
KimmelEmily,waitforaminute
KimmelEmily,waitforaminute
KimmelEmily,song
KimmelEmily,song
KimmelEmily,clubsmash
_zayelgadhy,beautiful
artem_punker,free
artem_punker,csrclassics
DB_GERMANY,blow
DB_GERMANY,metal
DB_GERMANY,metal
justinddl,good
apple_led,retweet
apple_led,followpyramid
Elsoo_uu,go
AppleNewsTweets,ipad
craazy_potato,move
craazy_potato,move
craazy_potato,salute
brunatasato,move
brunatasato,move
brunatasato,salute
ratebbbbb,free
ratebbbbb,every
ratebbbbb,level
ratebbbbb,csrclassics
mullenlexie2,app
Letthelovegrow,make
Letthelovegrow,back
Letthelovegrow,sweet
Letthelovegrow,bottle
Letthelovegrow,credit
PenasHarmony,together
BiebsMylifeSDMC,waitforaminute
BiebsMylifeSDMC,waitforaminute
BiebsMylifeSDMC,holdtight
BiebsMylifeSDMC,go
BiebsMylifeSDMC,minute
BiebsMylifeSDMC,lastkings
sidharth_v,special
niklasblalock,smurfsvillage
niklasblalock,space
niklasblalock,space
niklasblalock,ready
Oncefeelings,waitforaminute
Oncefeelings,holdtight
_stratfordrauhl,waitforaminute
_stratfordrauhl,holdtight
valthelion,pie
SwaggyMrsBiebah,waitforaminute
SwaggyMrsBiebah,song
beccyorange,top
beccyorange,fiction
beccyorange,good
beccyorange,crack
bdawg923,credit
Wife_ofBIEBER,waitforaminute
Wife_ofBIEBER,song
kdiningservices,happy
kdiningservices,morning
marinacrauhl,waitforaminute
marinacrauhl,song
nekoms,hope
nekoms,night
nekoms,land
nekoms,tubee
Annerauhhhl,waitforaminute
Annerauhhhl,holdtight
AlessChannell,waitforaminute
AlessChannell,waitforaminute
AlessChannell,holdtight
emilylehr1,go
emilylehr1,tight
emilylehr1,lyricsthatneedtobeshouted
emilylehr1,holdtightonitunes
mayabelibers,waitforaminute
mayabelibers,holdtight
INITFOURTHELOVE,free
INITFOURTHELOVE,level
INITFOURTHELOVE,csrracing
VibolSkr,waitforaminute
VibolSkr,holdtight
VibolSkr,go
VibolSkr,tight
VibolSkr,lyricsthatneedtobeshouted
VibolSkr,holdtightonitunes
kingadam221,free
kingadam221,free
kingadam221,csrclassics
kingadam221,csrclassics
xenabristow,smurfsvillage
xenabristow,use
xenabristow,week
BernaaSwag,waitforaminute
BernaaSwag,go
BernaaSwag,minute
BernaaSwag,lastkings
Shela_Ramadhani,waitforaminute
Shela_Ramadhani,holdtight
CansuJB_Cemre,waitforaminute
CansuJB_Cemre,song
CansuJB_Cemre,clubsmash
JimKoay259,word
FrankSydney92,education
FrankSydney92,education
FrankSydney92,mac
FrankSydney92,backtoschool
FrankSydney92,chinese
comeonciastin,waitforaminute
comeonciastin,holdtight
_AdriannaMtz,waitforaminute
_AdriannaMtz,song
_AdriannaMtz,clubsmash
SorandomIm,move
SorandomIm,move
SorandomIm,salute
NinowaXD,waitforaminute
NinowaXD,waitforaminute
NinowaXD,song
NinowaXD,holdtight
liahtaylor_,stop
Mililu1993,waitforaminute
Applemodelsuk,bright
jeffmangum,kingoflove
kathymcneely,winter
kathymcneely,squash
kathymcneely,soup
diana177JB,holdtight
diana177JB,holdtight
diana177JB,like
diana177JB,love
diana177JB,musicmondays
diana177JB,musicmondays
diana177JB,newmusic
mohamed_graphic,itunes
Nobody4197,free
Nobody4197,csrclassics
Mr_N_MrsLaz730,far
escalatedm,watch
harryblack81,test
harryblack81,game
harryblack81,game
harryblack81,game
harryblack81,ios
harryblack81,retweet
harryblack81,reaction
harryblack81,small
jesMercado65,smurfsvillage
jesMercado65,space
heartynutrition,winter
heartynutrition,squash
heartynutrition,soup
PROoufOfBieber,like
PROoufOfBieber,slowdown
JaquICc,smurfsvillage
MzNex2Blow,go
MzNex2Blow,back
MzNex2Blow,thing
kristisame,holdtight
kristisame,make
kristisame,buy
1P4Terrell,put
dacutebiebs,waitforaminute
dacutebiebs,holdtight
JBandLBLover,waitforaminute
JBandLBLover,holdtight
RoyalTailor,take
RaquelPizarro14,waitforaminute
RaquelPizarro14,holdtight
RaquelPizarro14,top
RaquelPizarro14,filmfridays
PurposeSimple,vinegar
lorimartinpa,laboroflove
TaamilyBieber,waitforaminute
TaamilyBieber,song
TaamilyBieber,clubsmash
yustikaaa_,waitforaminute
yustikaaa_,song
yustikaaa_,clubsmash
dianochka_0087,move
dianochka_0087,move
dianochka_0087,salute
patycohn,waitforaminute
patycohn,holdtight
lisungi22,free
lisungi22,csrclassics
aralis96,move
aralis96,move
aralis96,salute
sandraflood94,edtech
sandraflood94,app
sandraflood94,ios
sandraflood94,retweet
sandraflood94,texting
sandraflood94,learn
JWONDER21,stick
flipcritic,responsible
flipcritic,almost
MaguiRobagg,waitforaminute
_nathanjon,change
DCEFrance,good
DCEFrance,lunch
willlurie,love
NarianaUpdates,wordofmouth
thebiebswifex,way
thebiebswifex,beautiful
thebiebswifex,beautiful
gleek_5H,harmony
gleek_5H,please
selenaftdylan,like
selenaftdylan,slowdown
USRealityCheck,us
thp1986,book
thp1986,secret
PhebeOhYes,beautiful
PhebeOhYes,music
PhebeOhYes,music
AlyssaLaMantia1,smurfsvillage
AlyssaLaMantia1,space
gabiwalkerg,mountain
gabiwalkerg,mountain
gabiwalkerg,smurfvillage
DaBelieberGR,holdtight
DaBelieberGR,right
DaBelieberGR,well
DaBelieberGR,filmfriday
dulcedia,special
Local4Chuck,happy
Local4Chuck,morning
apple_hotm,person
GlowDiamandis,like
GlowDiamandis,slowdown
TarikNisanJB,waitforaminute
TarikNisanJB,way
TarikNisanJB,song
TarikNisanJB,holdtight
TarikNisanJB,holdtight
TarikNisanJB,clubsmash
TarikNisanJB,go
TarikNisanJB,love
TarikNisanJB,make
TarikNisanJB,little
TarikNisanJB,sweeterthanfiction
TarikNisanJB,far
TarikNisanJB,till
TarikNisanJB,prism
TarikNisanJB,beliebers
HemidN,keep
lovem9991,app
beth_flaten,school
beth_flaten,please
beth_flaten,please
beth_flaten,please
TDoona1829,attempt
TDoona1829,attempt
TDoona1829,magic
TDoona1829,loop
TDoona1829,vinestarsmagic
MerBelieberJB,waitforaminute
MerBelieberJB,song
euetaylor,top
euetaylor,fiction
euetaylor,good
euetaylor,crack
loginjb,waitforaminute
loginjb,waitforaminute
loginjb,song
loginjb,holdtight
loginjb,clubsmash
mostafawael8,gunnerz
paigeElana,like
paigeElana,stop
paigeElana,living
paigeElana,firstworldproblems
AurimasSidlaus1,free
AurimasSidlaus1,csrclassics
asosyalisci,free
asosyalisci,csrclassics
doray22,way
doray22,smurfsvillage
4lexNiki,cantwait
peterlaanstra,store
peterlaanstra,yes
sjaakiscool,free
sjaakiscool,csrclassics
TabbieMillett,go
kelsi747,waitforaminute
kelsi747,waitforaminute
kelsi747,song
emotion_puzzle,free
emotion_puzzle,every
emotion_puzzle,level
emotion_puzzle,csrclassics
AdrianBellamy5D,harmony
AdrianBellamy5D,please
ch183_balloons,take
We_love_fredo,go
We_love_fredo,minute
We_love_fredo,lastkings
simontay78,ready
simontay78,live
simontay78,dinner
staystrongbeu,waitforaminute
staystrongbeu,waitforaminute
staystrongbeu,waitforaminute
staystrongbeu,song
staystrongbeu,holdtight
awarmnessofsoul,waitforaminute
awarmnessofsoul,holdtight
awarmnessofsoul,holdtight
ciliberti_sabry,waitforaminute
ciliberti_sabry,waitforaminute
ciliberti_sabry,song
ciliberti_sabry,go
ciliberti_sabry,tight
ciliberti_sabry,lyricsthatneedtobeshouted
ciliberti_sabry,holdtightonitunes
don_d2010,play
don_d2010,fruit
don_d2010,need
Millthorn,watch
BiebersBlasian,waitforaminute
BiebersBlasian,song
BiebersBlasian,clubsmash
HilzFuld,watch
jamesbryronlove,free
jamesbryronlove,smashwords
jamesbryronlove,kobo
jamesbryronlove,b
jamesbryronlove,sony
jamesbryronlove,diesel
surferprincesss,freemus
ElliotGeno,go
ElliotGeno,use
KhyleDeen,news
KhyleDeen,much
KhyleDeen,work
KhyleDeen,put
aidadevesa,smurfsvillage
aidadevesa,free
aidadevesa,week
Camila_cyrusjb,waitforaminute
Camila_cyrusjb,holdtight
p4ynecrush,waitforaminute
p4ynecrush,song
p4ynecrush,clubsmash
Happykp2,special
Lynette85m,smurfsvillage
biebuhqqueen,waitforaminute
biebuhqqueen,waitforaminute
biebuhqqueen,holdtight
lina_rico_g,smurfsvillage
lina_rico_g,space
lina_rico_g,space
lina_rico_g,ready
ThatLady15,way
ThatLady15,go
ThatLady15,love
ThatLady15,sweeterthanfiction
ricardofiqueira,fatify
idrewvonne,waitforaminute
idrewvonne,holdtight
amaurylaine,expert
amaurylaine,industry
kkbieber33,waitforaminute
kkbieber33,song
Arijbiebers,waitforaminute
Arijbiebers,holdtight
_sheaintnodiva,like
_sheaintnodiva,store
_sheaintnodiva,black
_sheaintnodiva,black
_sheaintnodiva,true
_sheaintnodiva,ugly
ElizMcQuern,tired
ElizMcQuern,care
ElizMcQuern,though
Hmelevskiyvovka,free
Hmelevskiyvovka,csrclassics
_sexvato,go
_sexvato,together
_sexvato,together
joseph_carney,design
ddlpromise,letitgo
ddlpromise,letitgo
ddlpromise,letitgo
ddlpromise,buyletitgoonitunes
ddlpromise,buyletitgoonitunes
ddlpromise,buyletitgoonitunes
azryaa,free
azryaa,every
azryaa,level
azryaa,csrclassics
TheHaltertops,come
sergla737,free
sergla737,csrclassics
blazagorickic,holdtight
blazagorickic,holdtight
blazagorickic,holdtight
blazagorickic,take
blazagorickic,go
blazagorickic,go
blazagorickic,go
blazagorickic,head
blazagorickic,ever
blazagorickic,tight
blazagorickic,lyricsthatneedtobeshouted
blazagorickic,holdtightonitunes
blazagorickic,love
blazagorickic,musicmondays
BAaudrey,free
BAaudrey,free
AppleTeam,year
StopMmt,waitforaminute
StopMmt,holdtight
DelminaToska,waitforaminute
DelminaToska,holdtight
amiableBieber,waitforaminute
amiableBieber,song
amiableBieber,clubsmash
gomezflies,like
gomezflies,slowdown
RauhlingAllDayy,waitforaminute
RauhlingAllDayy,holdtight
JadeNorth7,watch
UnlockSmartPhon,black
UnlockSmartPhon,unlockedsmartphone
ClausHoumann,book
SpottheBot,watch
SpottheBot,techcrunsh
stephannie_18,smurfsvillage
stephannie_18,love
stephannie_18,love
stephannie_18,smurfette
infozentrale,news
infozentrale,news
infozentrale,caschy
Tati_Belieber22,waitforaminute
Tati_Belieber22,waitforaminute
Tati_Belieber22,holdtight
jeffmccord,cover
brisacielo2,waitforaminute
brisacielo2,waitforaminute
brisacielo2,song
brisacielo2,holdtight
brisacielo2,clubsmash
DavidFiso,like
stuartnuttall,good
stuartnuttall,microsoft
Cathy_Po,waitforaminute
Digixp,like
Digixp,make
Digixp,future
Digixp,look
BigTimeGlambert,move
BigTimeGlambert,move
BigTimeGlambert,salute
Moffettcity,smurfsvillage
alifmomo_9,commoncourtesy
aencalada_74,special
5secsofjdb1d,waitforaminute
5secsofjdb1d,holdtight
Sara__Malik_,move
Sara__Malik_,move
Sara__Malik_,salute
BieberTwizzlers,waitforaminute
BieberTwizzlers,holdtight
smacp7,bite
smacp7,dontbethatguy
DeniseWhite93,education
DeniseWhite93,education
DeniseWhite93,osx
DeniseWhite93,edtech
DeniseWhite93,learning
DeniseWhite93,learning
DeniseWhite93,retweet
DeniseWhite93,italian
DeniseWhite93,macbook
NewSoulAuth,connection
NewSoulAuth,connection
NewSoulAuth,background
NewSoulAuth,singers
NewSoulAuth,human
biebershmieber,go
biebershmieber,tight
pdcautos,free
pdcautos,csrclassics
KeiwanP,turnup
PerfectHiphop,father
PerfectHiphop,caliconnection
PerfectHiphop,heavyweight
PerfectHiphop,callingmyname
PerfectHiphop,allaniggaknows
PerfectHiphop,streetshit
Aarondrever1,free
Aarondrever1,csrclassics
Starbelle4,smurfsvillage
Starbelle4,space
ASO_X8,app
h3llojustin,waitforaminute
h3llojustin,holdtight
FaithGirlLuvs1D,night
Kess2000,store
Kess2000,music
Kess2000,music
nybelieber_18,waitforaminute
nybelieber_18,song
nybelieber_18,clubsmash
lela0813,waitforaminute
lela0813,song
lela0813,holdtight
lela0813,clubsmash
lela0813,right
lela0813,well
lela0813,filmfriday
Ndumiso_Dlamini,responsible
Ndumiso_Dlamini,almost
irishboyhugme,store
_QueenMartin,like
MissDuarteLydia,waitforaminute
MissDuarteLydia,waitforaminute
MissDuarteLydia,song
MissDuarteLydia,holdtight
MissDuarteLydia,clubsmash
MaithoB,stop
MaithoB,moose
vautour3,put
vautour3,vinegar
vautour3,bertsquotes
SosaThaPlug,self
theMomBuzz,box
theMomBuzz,halloween
phoenixatkin,waitforaminute
phoenixatkin,song
phoenixatkin,go
phoenixatkin,minute
phoenixatkin,lastkings
onisha,friend
onisha,cover
onisha,simple
onisha,thevoice
onisha,teamblake
meister_kay,ever
meister_kay,garden
Harish_A_Rahim,science
Harish_A_Rahim,rose
Harish_A_Rahim,family
Harish_A_Rahim,infoicandowithout
Harish_A_Rahim,whowudhavthought
DelenaDemiley,go
KiriKaraka,color
KiriKaraka,color
Alicerauhl,waitforaminute
JacobsenSofie,waitforaminute
JacobsenSofie,song
Gavstackemann,free
Gavstackemann,every
Gavstackemann,level
Gavstackemann,csrclassics
Mz_Carm3lappl3z,smurfsvillage
Mz_Carm3lappl3z,complete
WuvUJustin,waitforaminute
WuvUJustin,song
suresh_p,responsible
suresh_p,almost
catchingj3rry,waitforaminute
catchingj3rry,song
catchingj3rry,clubsmash
catchingj3rry,go
catchingj3rry,minute
catchingj3rry,lastkings
RenewedReena11,dailyquote
JDBelieber69,waitforaminute
JDBelieber69,holdtight
ourfifthharmony,go
ourfifthharmony,number
ourfifthharmony,support
prinzestar,smurfsvillage
prinzestar,space
JMBieberLove1,waitforaminute
JMBieberLove1,song
JMBieberLove1,holdtight
JMBieberLove1,clubsmash
JMBieberLove1,go
JMBieberLove1,musicmondays
JMBieberLove1,word
JMBieberLove1,room
JMBieberLove1,turn
MacTipsDaily,watch
500daysofashley,love
500daysofashley,girl
500daysofashley,great
500daysofashley,great
Salta_1D_lyte,letitgo
Salta_1D_lyte,buyl
fbieberette,waitforaminute
fbieberette,holdtight
PMbelieber,waitforaminute
PMbelieber,holdtight
SirineChouman,waitforaminute
SirineChouman,waitforaminute
SirineChouman,song
SirineChouman,holdtight
mrsabesan,watch
MarkLaViolette,year
HaysIT_Ireland,software
HaysIT_Ireland,job
HaysIT_Ireland,jobfairy
AlyssaLouis16,waitforaminute
AlyssaLouis16,holdtight
iSandile,market
rleeyott,smurfsvillage
lizhassanc,mountain
lizhassanc,mountain
lizhassanc,smurfvillage
RebekahLyn1,friend
RebekahLyn1,cover
RebekahLyn1,simple
RebekahLyn1,thevoice
RebekahLyn1,teamblake
MartinDougm,free
MartinDougm,csrclassics
Kidrauhlsgirlie,waitforaminute
Kidrauhlsgirlie,song
HaysIreland,software
HaysIreland,job
HaysIreland,jobfairy
Gordonski_,love
Gordonski_,bite
Gordonski_,sandwich
Gordonski_,nokia
Gordonski_,meadev
cruickshanks99,smurfsvillage
JadaJada_Jada,bananakong
JASSISINGHKALRA,free
JASSISINGHKALRA,free
JASSISINGHKALRA,csrclassics
JASSISINGHKALRA,csrclassics
yourmomismyslut,much
yourmomismyslut,shit
yourmomismyslut,fuck
well_finished,air
LynseyKBanks,spice
sambiebez,waitforaminute
sambiebez,waitforaminute
sambiebez,song
sambiebez,clubsmash
kismeso,song
kismeso,together
fairielove3,smurfsvillage
fairielove3,fall
fairielove3,game
plainoldbieber,waitforaminute
plainoldbieber,holdtight
Gerson_Lovatico,go
Gerson_Lovatico,buyletitgoonitunes
veleza9,smurfsvillage
veleza9,use
veleza9,clear
robyoungwriter,free
1Dforevaxox,till
purplewoman26,girl
purplewoman26,galwaygirlwardfosterandallen
annahovorka,look
jelenurlives,waitforaminute
jelenurlives,waitforaminute
jelenurlives,holdtight
SanaRauf9,way
SanaRauf9,go
SanaRauf9,love
SanaRauf9,sweeterthanfiction
JustinIsMyHeroB,waitforaminute
JustinIsMyHeroB,holdtight
kimzahaha,free
kimzahaha,free
kimzahaha,every
kimzahaha,level
kimzahaha,csrclassics
kimzahaha,csrclassics
da5is,thing
da5is,record
AJ_AndyJ,ios
AJ_AndyJ,android
alonkupferman,responsible
alonkupferman,almost
karliiukiis,go
karliiukiis,minute
karliiukiis,lastkings
cedger,free
cedger,much
cedger,makeupgirls
emmamusiclover,holdtight
emmamusiclover,holdtight
emmamusiclover,like
emmamusiclover,love
emmamusiclover,musicmondays
emmamusiclover,musicmondays
emmamusiclover,newmusic
prideourdrew,go
prideourdrew,minute
prideourdrew,lastkings
marchelygrace,go
marchelygrace,tight
marchelygrace,lyricsthatneedtobeshouted
marchelygrace,holdtightonitunes
tanibreezy,waitforaminute
tanibreezy,holdtight
r2kalu,countrymusic
r2kalu,rock
canadian_addict,go
canadian_addict,go
canadian_addict,number
canadian_addict,minute
canadian_addict,minute
canadian_addict,lastkings
alexeystech,offer
jbieberhope,waitforaminute
jbieberhope,song
Brodneishathom4,waitforaminute
Brodneishathom4,waitforaminute
Brodneishathom4,holdtight
Elizabeth_Ems,waitforaminute
Elizabeth_Ems,song
Elizabeth_Ems,clubsmash
KaraDrewke,smurfsvillage
KaraDrewke,space
BYerimbetov,free
BYerimbetov,csrclassics
DreamBoy__,store
JDBieberFP,waitforaminute
JDBieberFP,song
JDBieberFP,holdtight
Setting4Success,news
Setting4Success,news
Setting4Success,smallbusiness
Setting4Success,entrepreneur
PrintOStatInc,watch
skaterphase,waitforaminute
skaterphase,holdtight
Mad_Designer,mac
Mad_Designer,need
Mad_Designer,please
Mad_Designer,please
Mad_Designer,question
Mad_Designer,question
Mad_Designer,advise
ni_nilobol09,song
ni_nilobol09,fiction
iambrina,word
JUNITOMARTINEZ3,watch
JUNITOMARTINEZ3,free
JUNITOMARTINEZ3,night
JUNITOMARTINEZ3,crazysexycool
lovx_l,waitforaminute
lovx_l,holdtight
egiamelia_,waitforaminute
egiamelia_,song
FSMdotCOM,watch
FSMdotCOM,special
EszMZaffian,orange
BieberMonica98,waitforaminute
BieberMonica98,song
Belieber6Marty,waitforaminute
Belieber6Marty,waitforaminute
Belieber6Marty,song
Belieber6Marty,holdtight
Belieber6Marty,clubsmash
Belieber6Marty,go
Belieber6Marty,tight
Belieber6Marty,lyricsthatneedtobeshouted
Belieber6Marty,holdtightonitunes
jennypoo20,smurfsvillage
jennypoo20,help
jennypoo20,play
D_belieber1994,waitforaminute
D_belieber1994,holdtight
McBeeNancy,edtech
McBeeNancy,periodic
McBeeNancy,elements
McBeeNancy,chemistry
JennyMcbee79,education
JennyMcbee79,education
JennyMcbee79,osx
JennyMcbee79,edtech
JennyMcbee79,learning
JennyMcbee79,learning
JennyMcbee79,retweet
JennyMcbee79,macbook
JennyMcbee79,german
gossettBRIAN,level
gossettBRIAN,different
emelyvalerio,waitforaminute
emelyvalerio,song
emelyvalerio,clubsmash
gagaspiercing,itunes
Maria97lalala,go
Maria97lalala,minute
Maria97lalala,lastkings
EvolveDocS,week
Jason_Ramdhan,special
1DrocksIt,move
1DrocksIt,move
1DrocksIt,salute
StUDentEvents,fall
StUDentEvents,scpab
StUDentEvents,udeserveabreak
StUDentEvents,udel
HarverElKingman,itunes
HarverElKingman,yoquieroamarte
AzzimiP,orange
thedevilitselfk,minute
tuanlinwang,free
tuanlinwang,csrclassics
samanthaa_lee4,go
samanthaa_lee4,number
samanthaa_lee4,number
AggregatorTech,watch
izKidrauhl,waitforaminute
izKidrauhl,holdtight
sadrina_ranaya,holdtight
sadrina_ranaya,make
sadrina_ranaya,buy
AGGOOSSBELIEBER,waitforaminute
AGGOOSSBELIEBER,song
nbmkhanh,free
nbmkhanh,csrclassics
Saddoct,use
Saddoct,make
Saddoct,market
Saddoct,value
vbstartups,book
stieldirect,book
stieldirect,technews
MarielaBozukova,free
MarielaBozukova,csrclassics
Kor_NALU,put
Kor_NALU,bot
juucaldas_,waitforaminute
juucaldas_,holdtight
AusTechTweeter,store
AusTechTweeter,music
AusTechTweeter,music
iswagomz,waitforaminute
iswagomz,holdtight
ZoomQuack,waitforaminute
ZoomQuack,holdtight
Gossip_Dawg,every
MacTribeIT,year
lilygutie,go
lilygutie,number
lilygutie,number
TheiKnowBar,year
CzechBelieberCz,waitforaminute
CzechBelieberCz,waitforaminute
CzechBelieberCz,song
CzechBelieberCz,song
CzechBelieberCz,clubsmash
GFereira,ipad
WeronikaKowacz,waitforaminute
WeronikaKowacz,holdtight
CommanderInChei,top
CommanderInChei,company
CommanderInChei,month
CommanderInChei,fir
MaxFalah,free
MaxFalah,csrclassics
mianbao_sumo,make
chub_kz,free
chub_kz,csrclassics
shania_coopland,store
shania_coopland,mine
shania_coopland,news
shania_coopland,news
shania_coopland,great
LucaasGaaston,waitforaminute
LucaasGaaston,holdtight
OneAppyMama,price
OneAppyMama,free
OneAppyMama,free
OneAppyMama,special
1quality1,week
1quality1,strong
Nextar1,box
Nextar1,low
Nextar1,closethebox
BubbaIsMinee,waitforaminute
BubbaIsMinee,waitforaminute
BubbaIsMinee,holdtight
Swaggyworld1256,plane
Swaggyworld1256,copy
sheriezky,pie
PistolThePete,store
PistolThePete,top
PistolThePete,teamblackberry
seifeMichal,watch
seifeMichal,gadgets
seifeMichal,tc
seifeMichal,ipadevent
seifeMichal,justforfun
seifeMichal,livestream
MambellSocc,waitforaminute
MambellSocc,holdtight
secute_biebeer,waitforaminute
secute_biebeer,top
Dulycarlo,smurfsvillage
Dulycarlo,help
Dulycarlo,week
ViraLovesJB,waitforaminute
ViraLovesJB,waitforaminute
ViraLovesJB,song
ViraLovesJB,holdtight
ViraLovesJB,clubsmash
ManuelaFreem79,app
ManuelaFreem79,game
ManuelaFreem79,game
ManuelaFreem79,ios
ManuelaFreem79,retweet
ManuelaFreem79,doubt
ManuelaFreem79,followme
ManuelaFreem79,mpn
thankyoulovato,go
BeamMeUpSiva,beautiful
NiallersBabeexx,foreword
ednalgandharlin,happy
ednalgandharlin,night
ednalgandharlin,family
ednalgandharlin,red
MGJ1990,smurfsvillage
MGJ1990,space
myavonkid,waitforaminute
myavonkid,holdtight
Blinsx_Kidrauhl,waitforaminute
Blinsx_Kidrauhl,song
tiratila,waitforaminute
tiratila,waitforaminute
tiratila,song
tiratila,holdtight
tiratila,clubsmash
tiratila,go
tiratila,minute
tiratila,lastkings
BieberPriceHabs,waitforaminute
BieberPriceHabs,song
BieberPriceHabs,clubsmash
BieberPriceHabs,go
BieberPriceHabs,minute
BieberPriceHabs,lastkings
wwwDJTATIcom,itunes
wwwDJTATIcom,thegrinddontstop
UrbanMediaHub,itunes
UrbanMediaHub,thegrinddontstop
sellyftdrxw,waitforaminute
sellyftdrxw,song
sellyftdrxw,clubsmash
PROMO_4_LIFE,itunes
PROMO_4_LIFE,thegrinddontstop
NYCpluto,itunes
NYCpluto,thegrinddontstop
DjTATIpromo,itunes
DjTATIpromo,thegrinddontstop
DJTatiDotCom,itunes
DJTatiDotCom,thegrinddontstop
DJTatiMixtapes,itunes
DJTatiMixtapes,thegrinddontstop
isisPROMO4LIFE,itunes
isisPROMO4LIFE,thegrinddontstop
DJTati718,itunes
DJTati718,thegrinddontstop
DigWorthy,itunes
DigWorthy,thegrinddontstop
vipina147,offer
lynettecubbage,pocket
AngeliquePR,watch
channasalvador,waitforaminute
channasalvador,song
channasalvador,clubsmash
TrueDDLovatoFan,go
LetyBiebsDrew,waitforaminute
LetyBiebsDrew,holdtight
SHM5,make
SHM5,support
sweeet_caroIine,go
DearGodJonas,go
omer_butnaro,free
omer_butnaro,csrclassics
ElectronicBaza,offer
ElectronicBaza,great
maddyj_99,suckers
SteveLindsayCBS,top
Simagin_Ivan,order
Simagin_Ivan,go
Simagin_Ivan,store
mstheresareyes,dinner
DiamondandGold_,orange
niconours,store
niconours,music
niconours,music
mrjamiejones,free
mrjamiejones,free
mrjamiejones,join
mrjamiejones,join
mrjamiejones,csrracing
mrjamiejones,csrracing
EmilYBiebeR_ox,holdtight
EmilYBiebeR_ox,go
EmilYBiebeR_ox,musicmondays
EmilYBiebeR_ox,word
EmilYBiebeR_ox,room
EmilYBiebeR_ox,turn
addiehayllie,waitforaminute
addiehayllie,waitforaminute
addiehayllie,holdtight
mrssbiiebberr,waitforaminute
mrssbiiebberr,song
mrssbiiebberr,clubsmash
GuadalupeTavrs,waitforaminute
GuadalupeTavrs,waitforaminute
GuadalupeTavrs,waitforaminute
GuadalupeTavrs,song
GuadalupeTavrs,song
GuadalupeTavrs,holdtight
GuadalupeTavrs,clubsmash
lovatosIaugh,go
okkathok,special
LMixer_x,move
LMixer_x,move
LMixer_x,salute
ai_feed,special
kingkidrauhl__,waitforaminute
Belieber_9834,waitforaminute
Belieber_9834,song
Belieber_9834,clubsmash
Belieber_9834,go
Belieber_9834,go
Belieber_9834,tight
Belieber_9834,lyricsthatneedtobeshouted
Belieber_9834,holdtightonitunes
Belieber_9834,minute
Belieber_9834,lastkings
tradem,book
valitacobos0101,waitforaminute
valitacobos0101,song
Niggachan,free
Niggachan,play
Niggachan,moshimoshikawaii
adrianasoza,go
adrianasoza,minute
adrianasoza,lastkings
head9scitech,team
avvwrl,order
avvwrl,go
avvwrl,store
albina_zeciri,waitforaminute
albina_zeciri,song
albina_zeciri,clubsmash
albina_zeciri,go
albina_zeciri,minute
albina_zeciri,lastkings
perriescandies,waitforaminute
perriescandies,song
perriescandies,clubsmash
thatgirlsophie8,waitforaminute
thatgirlsophie8,song
Osamashtaiat,holdtight
Osamashtaiat,little
Osamashtaiat,work
allaboutjdrew,waitforaminute
allaboutjdrew,song
allaboutjdrew,clubsmash
renana1d,move
renana1d,move
renana1d,salute
JBlicious2523,move
JBlicious2523,move
JBlicious2523,salute
alwaysconoriana,together
eegloolab,siri
lthom96,go
lthom96,number
lthom96,number
thepowerblogger,free
thepowerblogger,different
JessieDavies1,store
JessieDavies1,may
JessieDavies1,tamping
gsquaredstudios,free
gsquaredstudios,different
GraphicRushDeal,free
GraphicRushDeal,different
BelieberSmge,waitforaminute
BelieberSmge,song
BelieberSmge,clubsmash
creativebeacon,free
creativebeacon,different
noktor_news,year
webdesignblog2,free
webdesignblog2,different
iBiebsHappiness,waitforaminute
DaBiebzGalaxy,holdtight
DaBiebzGalaxy,holdtight
DaBiebzGalaxy,go
DaBiebzGalaxy,love
DaBiebzGalaxy,musicmondays
youngmeezy101,much
youngmeezy101,shit
youngmeezy101,fuck
djhounsell,take
djhounsell,store
djhounsell,reflex
FactKINGFacts,healthy
FactKINGFacts,carrot
FactKINGFacts,cucumber
JustinBs_Wife,waitforaminute
JustinBs_Wife,waitforaminute
JustinBs_Wife,song
JustinBs_Wife,holdtight
TechManics,store
TechManics,music
TechManics,music
KidrauhlBestest,waitforaminute
KidrauhlBestest,holdtight
0hihaveswag,waitforaminute
0hihaveswag,song
0hihaveswag,clubsmash
KatinaKerimova,waitforaminute
KatinaKerimova,song
KatinaKerimova,clubsmash
gorzholio,go
Oliviaa_Rhoades,waitforaminute
Oliviaa_Rhoades,holdtight
laarinha_,waitforaminute
laarinha_,song
laarinha_,clubsmash
thatismarina,foreword
thatismarina,make
thatismarina,copy
Sofia_alvarez_,smurfsvillage
Sofia_alvarez_,space
Sofia_alvarez_,place
Sofia_alvarez_,cut
Chetan_C07,go
Chetan_C07,give
Chetan_C07,year
Chetan_C07,thing
pobedonosceva,free
pobedonosceva,free
pobedonosceva,join
pobedonosceva,join
pobedonosceva,csrracing
pobedonosceva,csrracing
jaurevato,word
jaurevato,please
AlexanderB1,store
AlexanderB1,music
AlexanderB1,music
biebtw,waitforaminute
biebtw,holdtight
SalimTawk,free
SalimTawk,every
SalimTawk,level
SalimTawk,csrclassics
farhatulmaula,waitforaminute
farhatulmaula,holdtight
FLOORTKM,go
FLOORTKM,minute
FLOORTKM,lastkings
jenn_malcolmm,waitforaminute
jenn_malcolmm,song
jenn_malcolmm,clubsmash
thegert327,free
thegert327,csrclassics
ton_lapin,waitforaminute
ton_lapin,song
ton_lapin,clubsmash
hazybieber,waitforaminute
hazybieber,song
hazybieber,clubsmash
walkslikejadey,go
tinoseeber,special
tinoseeber,tech
MrPhil_Lewis,free
xxKidRauhl08,go
xxKidRauhl08,minute
xxKidRauhl08,lastkings
beliebdreamer,waitforaminute
beliebdreamer,waitforaminute
beliebdreamer,song
beliebdreamer,holdtight
KTLAMorningNews,ipad
KTLAMorningNews,news
KTLAMorningNews,morning
werm37,smurfsvillage
werm37,space
werm37,plant
werm37,moon
macnlourry,together
ddanguyen,tomorrow
IdkILoveJonas,go
BennyTheTechie,watch
TasaTheKing,waitforaminute
TasaTheKing,holdtight
mcorona81,smurfsvillage
mcorona81,space
mcorona81,space
mcorona81,ready
biebers_butera,waitforaminute
rerum_natura,arm
VanjaStojanovsk,waitforaminute
VanjaStojanovsk,holdtight
HealthEugene,finland
HealthEugene,appstore
HealthEugene,socialmedia
mich_cintaa,free
mich_cintaa,csrclassics
23AF,free
23AF,csrclassics
toujoula,top
toujoula,mensakbiznis
ForeverSehan,waitforaminute
ForeverSehan,song
ForeverSehan,clubsmash
Bleau,watch
Bleau,special
muratozakat,responsible
muratozakat,almost
radharamraj,bbm
radharamraj,account
DaBiebzWife_,waitforaminute
DaBiebzWife_,song
DaBiebzWife_,clubsmash
jdbxdrugs,waitforaminute
jdbxdrugs,song
jdbxdrugs,clubsmash
jdbxdrugs,go
jdbxdrugs,minute
jdbxdrugs,lastkings
StephanKuhn,free
StephanKuhn,csrclassics
JimmybJimmybb,free
JimmybJimmybb,csrclassics
DomcaPyszkova,waitforaminute
DomcaPyszkova,holdtight
michelle042820,foreword
michelle042820,underdog
michelle042820,winning
superhighwaymen,look
superhighwaymen,writing
superhighwaymen,nanowrimo
Itz_DonCorleon,free
Itz_DonCorleon,game
Itz_DonCorleon,war
theyloverae_,love
SarahBiiebs,waitforaminute
SarahBiiebs,song
SarahBiiebs,holdtight
SarahBiiebs,clubsmash
caeiro_sol,go
caeiro_sol,minute
caeiro_sol,lastkings
ZIALL_YOU,store
Merthh,love
Merthh,make
Merthh,support
Merthh,need
Merthh,please
_Larreh,go
kidrauhlanarey,holdtight
kidrauhlanarey,go
kidrauhlanarey,musicmondays
kidrauhlanarey,word
kidrauhlanarey,room
kidrauhlanarey,turn
lylaswarrior,word
lylaswarrior,please
ChakraColor,love
ChakraColor,heart
ChakraColor,power
ChakraColor,mind
ChakraColor,heartchakra
Mnsnbieber,waitforaminute
Mnsnbieber,holdtight
graciella94_,fiction
iWillByte,top
steefaanibieber,waitforaminute
steefaanibieber,song
steefaanibieber,clubsmash
steefaanibieber,minute
steefaanibieber,buywaitforaminuteonitunes
fattydee,bad
abiebercrombie,waitforaminute
abiebercrombie,waitforaminute
abiebercrombie,song
abiebercrombie,holdtight
abiebercrombie,clubsmash
AdorableDL,song
AdorableDL,go
mightymech69,free
mightymech69,whatsthepic
1DJustinDoris,waitforaminute
1DJustinDoris,holdtight
emilyfreedom91,education
emilyfreedom91,education
emilyfreedom91,osx
emilyfreedom91,edtech
emilyfreedom91,learning
emilyfreedom91,learning
emilyfreedom91,retweet
emilyfreedom91,italian
emilyfreedom91,macbook
GOBusinessDaily,news
GOBusinessDaily,news
GOBusinessDaily,business
GOBusinessDaily,business
AlyHeartbreaker,waitforaminute
AlyHeartbreaker,song
souljbs,ever
souljbs,heart
souljbs,broken
marina_jendaya,go
marina_jendaya,minute
marina_jendaya,lastkings
JoLuvsNath,wordofmouth
DanielPink,responsible
DanielPink,almost
NhOxNgOxKuTe,free
NhOxNgOxKuTe,store
NhOxNgOxKuTe,game
borntolovethem,word
borntolovethem,please
camille_bonin,waitforaminute
camille_bonin,holdtight
ZeynepKay0,waitforaminute
ZeynepKay0,holdtight
imisoubu,dailyquote
moniquechantal3,free
moniquechantal3,whostheceleb
marstbirdjcn,song
marstbirdjcn,love
ChrisMartin1971,smurfsvillage
ChrisMartin1971,fall
ChrisMartin1971,game
KissErika3,go
KissErika3,tight
KissErika3,lyricsthatneedtobeshouted
KissErika3,holdtightonitunes
morganhamler,waitforaminute
morganhamler,waitforaminute
morganhamler,song
JapanYoshiLOL,poison
JapanYoshiLOL,see
marycrazylovato,move
marycrazylovato,move
marycrazylovato,salute
abduallaah39,smurfsvillage
abduallaah39,island
fifthharmonyy,word
fifthharmonyy,please
bradfordzarry,move
bradfordzarry,move
bradfordzarry,salute
A_Money74,happy
A_Money74,voice
kapirauhl,waitforaminute
kapirauhl,holdtight
thebiebsmiles,holdtight
thebiebsmiles,right
thebiebsmiles,well
thebiebsmiles,filmfriday
682_RECORDS_INC,special
682_RECORDS_INC,columbia
682_RECORDS_INC,charleston
682_RECORDS_INC,capecoral
kiyaraluvjelena,waitforaminute
kiyaraluvjelena,song
kiyaraluvjelena,clubsmash
kiyaraluvjelena,go
kiyaraluvjelena,minute
kiyaraluvjelena,lastkings
alex_hump_33,free
alex_hump_33,csrclassics
GeekAidPC,watch
GeekAidPC,techcrunch
yazmynfronda,plane
yazmynfronda,copy
omarmalsayed,play
CheeHonOnTheGo,cover
makeupfreak,waitforaminute
makeupfreak,holdtight
scotti678,free
scotti678,csrclassics
monkeysuee,smurfsvillage
monkeysuee,help
monkeysuee,play
HazifAI,waitforaminute
creativesparknq,right
creativesparknq,market
DebbieEkaPutri,way
DebbieEkaPutri,go
DebbieEkaPutri,love
DebbieEkaPutri,sweeterthanfiction
stateofjade,move
stateofjade,move
stateofjade,salute
joiseven,together
bigpapi580,free
bigpapi580,csrclassics
UniteOfEdwards,move
UniteOfEdwards,move
UniteOfEdwards,salute
ID16899,store
ID16899,music
ID16899,music
samalbania,game
samalbania,balls
samalbania,second
samalbania,rollapp
atticagambling,go
atticagambling,free
atticagambling,free
atticagambling,app
atticagambling,top
atticagambling,comparison
atticagambling,bookies
atticagambling,download
JakeRecords,need
MundialDelPop10,move
MundialDelPop10,move
MundialDelPop10,salute
girlofkidrauhl1,go
girlofkidrauhl1,minute
girlofkidrauhl1,lastkings
cope_48059,smurfsvillage
cope_48059,game
aserendipityspa,red
aserendipityspa,etsymnt
aserendipityspa,redapplecandle
STWForum,talk
drewsmile27,waitforaminute
drewsmile27,holdtight
JUSTEMMAxxx,play
utterlykidrauhl,go
utterlykidrauhl,tight
utterlykidrauhl,lyricsthatneedtobeshouted
utterlykidrauhl,holdtightonitunes
chlorisssss_,plane
chlorisssss_,copy
sweateregui,word
sweateregui,please
Jayden_Lovell,app
shamexfftl,lavida
SourceSwiftFR,way
SourceSwiftFR,go
SourceSwiftFR,love
SourceSwiftFR,sweeterthanfiction
applehot,history
applehot,forward
applehot,secret
JonathonLoh,girl
Jennybieber94,go
Jennybieber94,minute
Jennybieber94,lastkings
keeley_hazell_,price
keeley_hazell_,white
keeley_hazell_,end
keeley_hazell_,broken
IvanF__,free
IvanF__,every
IvanF__,level
IvanF__,csrclassics
bama2537,free
bama2537,join
bama2537,csrracing
thebieberswag11,waitforaminute
thebieberswag11,song
thebieberswag11,clubsmash
raynauhl,go
raynauhl,tight
raynauhl,lyricsthatneedtobeshouted
raynauhl,holdtightonitunes
rjgear30,pork
1Dmyloves_xo,move
1Dmyloves_xo,move
1Dmyloves_xo,salute
levenah,offer
Suzuki_11,answer
Suzuki_11,gorilla
Suzuki_11,attack
Suzuki_11,nowplaying
ACS007112,free
ACS007112,csrclassics
Danny_Box07,free
Danny_Box07,csrclassics
Jejwj_,store
SandoraVanessa,much
SandoraVanessa,hate
SandoraVanessa,newupdateiphone
srbowm75,store
srbowm75,keep
BloombergNews,among
yogaflame01,free
yogaflame01,every
yogaflame01,level
yogaflame01,csrclassics
jvstinsagb,waitforaminute
AlzSocSWEngland,money
AlzSocSWEngland,society
