Source,Target
Nicholas_of_Cusa,Pseudo-Dionysius_the_Areopagite
Nicholas_of_Cusa,Proclus
Nicholas_of_Cusa,Johannes_Kepler
Nicholas_of_Cusa,Giordano_Bruno
Nicholas_of_Cusa,Georg_Wilhelm_Friedrich_Hegel
Nicholas_of_Cusa,Meister_Eckhart
Nicholas_of_Cusa,Giovanni_Pico_della_Mirandola
Nicholas_of_Cusa,Gottfried_Wilhelm_Leibniz
Nicholas_of_Cusa,Immanuel_Kant
Nicholas_of_Cusa,Johannes_Scotus_Eriugena
Lucretius,Cicero
Lucretius,Democritus
Lucretius,Empedocles
Lucretius,Virgil
Lucretius,Epicurus
Lucretius,Ovid
Lucretius,Epicureanism
Lucretius,George_Santayana
Burton_Dreben,Willard_Van_Orman_Quine
Solidarity_(Polish_trade_union),Leszek_Kołakowski
Quentin_Skinner,Hannah_Arendt
Michel_Houellebecq,Claude_Vorilhon
Barry_Wellman,Georg_Simmel
Muhammad_Taqi-ud-Din_al-Hilali,Dawud_al-Zahiri
George_Campbell_(minister),Rhetoric
Roderick_Long,Robert_Nozick
Roderick_Long,Herbert_Spencer
Emil_Lask,Martin_Heidegger
Emil_Lask,György_Lukács
Emil_Lask,Eugen_Herrigel
Plato,Heraclitus
Plato,Gorgias
Plato,Parmenides
Plato,Friedrich_Nietzsche
Plato,Cicero
Plato,Plutarch
Plato,Aristotle
Plato,Theology
Plato,Martin_Heidegger
Plato,Anselm_of_Canterbury
Plato,René_Descartes
Plato,Pythagoras
Plato,Protagoras
Plato,Hans-Georg_Gadamer
Plato,Augustine_of_Hippo
Plato,Socrates
Plato,Stoicism
Plato,Philosophy
Plato,Bertrand_Russell
Plato,Zeno_of_Elea
Plato,Niccolò_Machiavelli
Plato,Gottfried_Wilhelm_Leibniz
Plato,Western_philosophy
Plato,Søren_Kierkegaard
Plato,Ruhollah_Khomeini
Plato,Neoplatonism
Plato,John_Stuart_Mill
Plato,Arthur_Schopenhauer
Plato,Thomas_Hobbes
Plato,Hannah_Arendt
Karl_Polanyi,György_Lukács
François_Furet,Raymond_Aron
J._M._E._McTaggart,Peter_Geach
Milič_Čapek,Isabelle_Stengers
Milič_Čapek,Rupert_Sheldrake
Milič_Čapek,William_Lane_Craig
Milič_Čapek,Gilles_Deleuze
Henry_Suso,Meister_Eckhart
Matthew_Arnold,Edmund_Burke
Dirck_Rembrantsz_van_Nierop,René_Descartes
Roger_Crisp,Peter_Singer
Ashraf_Ali_Thanwi,Burhan_al-Din_al-Marghinani
Josiah_Warren,Stephen_Pearl_Andrews
Josiah_Warren,Émile_Armand
Josiah_Warren,Ezra_Heywood
Josiah_Warren,William_Batchelder_Greene
Josiah_Warren,Benjamin_Tucker
Josiah_Warren,Lysander_Spooner
Josiah_Warren,John_Stuart_Mill
Family_therapy,Paul_Watzlawick
Jeanne_Hersch,Karl_Jaspers
Abdul_Aziz_al-Hakim,Muhsin_al-Hakim
Michael_Mann_(sociologist),Ernest_Gellner
Lucien_Lévy-Bruhl,Lev_Shestov
Muhammad_Hamidullah,International_law
Muhammad_Hamidullah,Sharia
Muhammad_Hamidullah,Contemporary_Islamic_philosophy
Carl_Jung,Immanuel_Kant
S._R._Ranganathan,Suzanne_Briet
Ahmad_ibn_al-Tayyib_al-Sarakhsi,Al-Kindi
Jean-François_Lyotard,Karl_Marx
Jean-François_Lyotard,Michel_de_Montaigne
Jean-François_Lyotard,Richard_Rorty
Mozi,School_of_Names
Heraclitus,Parmenides
Heraclitus,Friedrich_Nietzsche
Heraclitus,Friedrich_Engels
Heraclitus,Aristotle
Heraclitus,Martin_Heidegger
Heraclitus,Terence_McKenna
Heraclitus,Georg_Wilhelm_Friedrich_Hegel
Heraclitus,Karl_Popper
Heraclitus,Alfred_North_Whitehead
John_Selden,Samuel_von_Pufendorf
John_Selden,John_Locke
John_Selden,Edmund_Burke
John_Selden,William_Blackstone
John_Selden,Giambattista_Vico
John_Selden,Great_Tew
John_Selden,Richard_Cumberland_(philosopher)
John_Selden,Hugo_Grotius
John_Selden,Thomas_Hobbes
Fernando_González_(writer),Gonzalo_Arango
Fernando_González_(writer),Estanislao_Zuleta
Jacques_Ellul,Ivan_Illich
Jacques_Ellul,Langdon_Winner
Martin_Buber,Ivan_Böszörményi-Nagy
Martin_Buber,Ludwig_Feuerbach
Martin_Buber,Ludwig_Binswanger
Martin_Buber,Walter_Kaufmann_(philosopher)
Martin_Buber,A._D._Gordon
Martin_Buber,Rudolf_Steiner
Martin_Buber,Gabriel_Marcel
Martin_Buber,Emmanuel_Levinas
Martin_Buber,Paul_Tillich
Martin_Buber,Gershom_Scholem
Martin_Buber,Emil_Brunner
Alain_Finkielkraut,Hannah_Arendt
B._F._Skinner,Henry_David_Thoreau
B._F._Skinner,Alfred_North_Whitehead
Dewi_Zephaniah_Phillips,Simone_Weil
Leonard_Trelawny_Hobhouse,Thomas_Hill_Green
Steven_T._Byington,Max_Stirner
Grant_Allen,Herbert_Spencer
Jean_Baudrillard,Marshall_McLuhan
Jean_Baudrillard,Giannina_Braschi
Jean_Baudrillard,Cornelius_Castoriadis
Frankfurt_School,Friedrich_Engels
Frankfurt_School,Karl_Korsch
Frankfurt_School,György_Lukács
Frankfurt_School,Karl_Kautsky
Frankfurt_School,Karl_Marx
Frankfurt_School,Alexander_Herzen
Gilles-Gaston_Granger,Jean_Cavaillès
G._E._M._Anscombe,Peter_Geach
Gorgias,Antisthenes
Gorgias,Empedocles
Gorgias,Pericles
Gorgias,Zeno_of_Elea
Shah_Waliullah,Mirza_Mazhar_Jan-e-Janaan
Shah_Waliullah,Fiqh
Shah_Waliullah,Islamic_philosophy
Shah_Waliullah,Israr_Ahmed
Henry_David_Thoreau,George_Bernard_Shaw
Henry_David_Thoreau,Marcel_Proust
Henry_David_Thoreau,E._B._White
Henry_David_Thoreau,Émile_Armand
Henry_David_Thoreau,Christopher_McCandless
Henry_David_Thoreau,Ralph_Waldo_Emerson
Henry_David_Thoreau,E._O._Wilson
Henry_David_Thoreau,W._B._Yeats
Henry_David_Thoreau,Mohandas_Karamchand_Gandhi
Henry_David_Thoreau,Ernest_Hemingway
Henry_David_Thoreau,Upton_Sinclair
Henry_David_Thoreau,Sinclair_Lewis
Henry_David_Thoreau,"Martin_Luther_King,_Jr."
Henry_David_Thoreau,Emma_Goldman
Henry_David_Thoreau,John_Zerzan
Henry_David_Thoreau,John_F._Kennedy
Henry_David_Thoreau,Leo_Tolstoy
Kevin_Tucker,John_Zerzan
Sylvain_Lazarus,Alain_Badiou
David_Harvey_(geographer),R._Radhakrishnan
Nicolas_Malebranche,René_Descartes
Nicolas_Malebranche,David_Hume
Nicolas_Malebranche,Gottfried_Wilhelm_Leibniz
Nicolas_Malebranche,George_Berkeley
Nicolas_Malebranche,Giambattista_Vico
Nicolas_Malebranche,Montesquieu
Hamid_Dabashi,Edward_Said
C._D._Broad,A._J._Ayer
Xenocrates,Polemon_(scholarch)
Xenocrates,Speusippus
Xenocrates,Crantor
Michael_Parenti,Antonio_Gramsci
Two-Nation_Theory,Syed_Ahmed_Khan
Mario_Kopić,Gianni_Vattimo
Joseph_Beuys,Rudolf_Steiner
Isaac_Israeli_ben_Solomon,Al-Kindi
Cesare_Beccaria,Claude_Adrien_Helvétius
Honoré_de_Balzac,Joseph_de_Maistre
Dilthey,Friedrich_Adolf_Trendelenburg
Vladimir_Lossky,Nikolay_Lossky
Vasile_Pogor,Theodor_Rosetti
Vasile_Pogor,Alexandru_Dimitrie_Xenopol
Vasile_Pogor,Titu_Maiorescu
Andrei_Bely,Vladimir_Solovyov_(philosopher)
Parmenides,Friedrich_Nietzsche
Parmenides,Aristotle
Parmenides,Martin_Heidegger
Parmenides,Baruch_Spinoza
Parmenides,Pythagoras
Parmenides,Socrates
Parmenides,Melissus_of_Samos
Parmenides,Zeno_of_Elea
Victor_Shestakov,George_Boole
Johannes_Nikolaus_Tetens,David_Hume
Johannes_Nikolaus_Tetens,Immanuel_Kant
Friedrich_Nietzsche,Max_Stirner
Friedrich_Nietzsche,Empedocles
Friedrich_Nietzsche,Baruch_Spinoza
Friedrich_Nietzsche,African_Spir
Friedrich_Nietzsche,Protagoras
Friedrich_Nietzsche,Epicurus
Friedrich_Nietzsche,Ralph_Waldo_Emerson
Friedrich_Nietzsche,Alfred_Adler
Friedrich_Nietzsche,Friedrich_Albert_Lange
Friedrich_Nietzsche,Georg_Wilhelm_Friedrich_Hegel
Friedrich_Nietzsche,Niccolò_Machiavelli
Friedrich_Nietzsche,Gottfried_Wilhelm_Leibniz
Friedrich_Nietzsche,Michel_de_Montaigne
Friedrich_Nietzsche,Immanuel_Kant
Friedrich_Nietzsche,Jean-Jacques_Rousseau
György_Márkus,Ágnes_Heller
Georg_Bernhard_Bilfinger,Christian_Wolff_(philosopher)
Kurt_Grelling,Berlin_Circle
Kurt_Grelling,Vienna_Circle
Georges_Canguilhem,Dominique_Lecourt
Georges_Canguilhem,Louis_Althusser
Georges_Canguilhem,Jean_Cavaillès
Georges_Canguilhem,Michel_Foucault
Georges_Canguilhem,Gaston_Bachelard
Georges_Canguilhem,Pierre_Bourdieu
Georges_Canguilhem,Gilles_Deleuze
Ramchandra_Gandhi,P._F._Strawson
René_Daumal,René_Guénon
René_Daumal,George_Gurdjieff
Friedrich_Engels,Ludwig_Feuerbach
Friedrich_Engels,Max_Stirner
Friedrich_Engels,Leon_Trotsky
Friedrich_Engels,Marxists
Friedrich_Engels,Georg_Wilhelm_Friedrich_Hegel
Friedrich_Engels,Che_Guevara
Friedrich_Engels,Guy_Debord
Friedrich_Engels,Mao_Zedong
Friedrich_Engels,Rosa_Luxemburg
Friedrich_Engels,Jean-Paul_Sartre
Friedrich_Engels,Vladimir_Lenin
Friedrich_Engels,Jean-Jacques_Rousseau
Friedrich_Engels,Antonio_Negri
Ludwig_von_Bertalanffy,Nicolai_Hartmann
Founding_Fathers_of_the_United_States,John_Locke
Founding_Fathers_of_the_United_States,Hugo_Grotius
Assem_Qanso,Zaki_al-Arsuzi
Scholasticism,Porphyry_(philosopher)
Scholasticism,Pseudo-Dionysius_the_Areopagite
Cicero,Posidonius
Cicero,Panaetius
Max_Müller,African_Spir
John_N._Gray,John_Stuart_Mill
J._G._A._Pocock,Michael_Oakeshott
J._G._A._Pocock,Hannah_Arendt
Brenda_Marshall,R._Radhakrishnan
Jewish_philosophy,Aristotle
José_Antonio_Primo_de_Rivera,José_Ortega_y_Gasset
Gary_North_(Christian_Reconstructionist),Rousas_John_Rushdoony
Yusuf_ibn_Abd_al-Rahman_al-Mizzi,Ibn_Kathir
Antisthenes,Cynicism
Antisthenes,Diogenes_of_Sinope
Antisthenes,Socrates
Antisthenes,Stoicism
Antisthenes,Crates_of_Thebes
Antanas_Mockus,Jürgen_Habermas
William_A._Earle,Karl_Jaspers
William_A._Earle,Peter_Suber
Carneades,Sextus_Empiricus
Carneades,Philo_of_Larissa
Carneades,Arcesilaus
Carneades,Pyrrho
Carneades,Clitomachus_(philosopher)
Richard_Joyce_(philosopher),J._L._Mackie
Hermann_Ulrici,Andrew_Seth_Pringle-Pattison
Metrocles,Crates_of_Thebes
Ludwig_Feuerbach,Max_Stirner
Ludwig_Feuerbach,Mikhail_Bakunin
Ludwig_Feuerbach,Joseph_Dietzgen
Ludwig_Feuerbach,Georg_Wilhelm_Friedrich_Hegel
Ludwig_Feuerbach,Karl_Marx
Ludwig_Feuerbach,Leconte_de_Lisle
James_Laxer,George_Grant_(philosopher)
Galileo_Galilei,Aristotle
Galileo_Galilei,Giordano_Bruno
Jon_Elster,Gerald_Cohen
Stephen_Pearl_Andrews,Charles_Fourier
Pope_Alexander_VI,Duns_Scotus
Abdullah_Rimawi,Zaki_al-Arsuzi
Rashid_Ahmad_Gangohi,Husain_Ahmed_Madani
Annie_Kriegel,Raymond_Aron
Muhammad_ibn_Jarir_al-Tabari,Dawud_al-Zahiri
Mark_Granovetter,Georg_Simmel
Philosophy_of_artificial_intelligence,Hubert_Dreyfus
Samuel_Johnson,William_Wollaston
Novalis,Baruch_Spinoza
Novalis,Johann_Gottlieb_Fichte
Raymond_Boudon,Raymond_Aron
Max_Stirner,Enrico_Arrigoni
Max_Stirner,Biofilo_Panclasta
Max_Stirner,John_Henry_Mackay
Max_Stirner,Thomas_Mann
Max_Stirner,Wolfi_Landstreicher
Max_Stirner,Émile_Armand
Max_Stirner,Albert_Camus
Max_Stirner,Miguel_Giménez_Igualada
Max_Stirner,Julius_Evola
Max_Stirner,Peter_Lamborn_Wilson
Max_Stirner,Saul_Newman
Max_Stirner,Renzo_Novatore
Max_Stirner,Adolf_Brand
Max_Stirner,Georg_Wilhelm_Friedrich_Hegel
Max_Stirner,Bob_Black
Max_Stirner,Carl_Schmitt
Max_Stirner,Karl_Marx
Max_Stirner,Rudolf_Steiner
Max_Stirner,Herbert_Read
Max_Stirner,Benjamin_Tucker
Max_Stirner,Emma_Goldman
Max_Stirner,Ernst_Jünger
Counter-Enlightenment,Jean-Jacques_Rousseau
Paul_Rabinow,Richard_McKeon
Tara_Smith_(philosopher),W._D._Ross
Stephen_Walt,Kenneth_Waltz
Pierre_Duhem,John_Worrall_(philosopher)
Pierre_Duhem,Blaise_Pascal
Pierre_Duhem,Stanley_Jaki
Pierre_Duhem,Thomas_Kuhn
Louis_Guilloux,Georges_Palante
Mansur_Al-Hallaj,Bayazid_Bastami
Douglas_Hofstadter,Ernest_Nagel
Norman_Geisler,Ravi_Zacharias
Hans_Küng,Georg_Wilhelm_Friedrich_Hegel
Raymond_Aron,Claude_Lefort
Raymond_Aron,Raymond_Barre
Raymond_Aron,Luc_Ferry
Raymond_Aron,Alexis_de_Tocqueville
Raymond_Aron,Marc_Fumaroli
Raymond_Aron,André_Glucksmann
Raymond_Aron,Stanley_Hoffmann
Raymond_Aron,Marcel_Gauchet
Raymond_Aron,Léon_Brunschvicg
Raymond_Aron,Henry_Kissinger
Raymond_Aron,Ernest_Gellner
Raymond_Aron,Pierre_Bourdieu
Raymond_Aron,Pierre_Manent
Raymond_Aron,Guy_Sorman
Raymond_Aron,Albert_Palle
Raymond_Aron,Jean-François_Revel
Étienne_Souriau,Isabelle_Stengers
Étienne_Souriau,Bruno_Latour
Giovanni_Botero,Jean_Bodin
Joseph_de_Maistre,Karl_Ludwig_von_Haller
Joseph_de_Maistre,Jules_Amédée_Barbey_d'Aurevilly
Joseph_de_Maistre,Juan_Donoso_Cortés
Joseph_de_Maistre,Pat_Buchanan
Joseph_de_Maistre,Julius_Evola
Joseph_de_Maistre,Francisco_Franco
Joseph_de_Maistre,Léon_Bloy
Joseph_de_Maistre,George_Fitzhugh
Joseph_de_Maistre,Paul_Claudel
Joseph_de_Maistre,Louis_Gabriel_Ambroise_de_Bonald
Joseph_de_Maistre,Carl_Schmitt
Joseph_de_Maistre,Edmund_Burke
Joseph_de_Maistre,Antonio_Rosmini-Serbati
Joseph_de_Maistre,Charles_Maurras
Joseph_de_Maistre,Charles_Baudelaire
Joseph_de_Maistre,Orestes_Brownson
Roman_Ingarden,Edmund_Husserl
Brian_Barry,H._L._A._Hart
Michael_Slote,Philippa_Foot
Samuel_Beckett,Maurice_Blanchot
Samuel_Beckett,George_Berkeley
Samuel_Beckett,Arthur_Schopenhauer
Al-Sakhawi,Ibn_Hajar_al-Asqalani
Karl_Korsch,Karl_Marx
Karl_Korsch,Bertolt_Brecht
Michael_Dummett,Rudolf_Carnap
Michael_Dummett,Gottlob_Frege
Michael_Dummett,Gareth_Evans_(philosopher)
Nelson_Goodman,Clarence_Irving_Lewis
Nelson_Goodman,Rudolf_Carnap
Nelson_Goodman,Jerry_Fodor
Nelson_Goodman,Hilary_Putnam
Nelson_Goodman,Israel_Scheffler
Nelson_Goodman,Stanley_Cavell
Nelson_Goodman,Noam_Chomsky
Nelson_Goodman,Willard_Van_Orman_Quine
Will_Kymlicka,Gerald_Cohen
Will_Kymlicka,John_Stuart_Mill
Michael_Marrus,Hannah_Arendt
Timothy_Leary,Marshall_McLuhan
Timothy_Leary,Terence_McKenna
John_Searle,J._L._Austin
John_Searle,Gilbert_Ryle
John_Searle,David_Hume
John_Searle,Hubert_Dreyfus
John_Searle,Immanuel_Kant
John_Searle,Franz_Brentano
Rudolf_Hilferding,Karl_Kautsky
William_of_Ockham,Peter_Abelard
William_of_Ockham,John_Wycliffe
William_of_Ockham,Duns_Scotus
William_of_Ockham,Science
William_of_Ockham,Willard_Van_Orman_Quine
Brand_Blanshard,Josiah_Royce
Bruno_Filippi,Renzo_Novatore
John_P._Walters,Leo_Strauss
Friedrich_Carl_von_Savigny,August_von_Bethmann-Hollweg
Stephen_Yablo,Kendall_Walton
John_Dewey,Thorstein_Veblen
John_Dewey,Georg_Wilhelm_Friedrich_Hegel
John_Dewey,William_James
John_Dewey,Thomas_Hill_Green
Psychotherapy,Paul_Watzlawick
John_Austin_(legal_philosopher),H._L._A._Hart
John_Austin_(legal_philosopher),Joseph_Raz
Herbert_Feigl,Moritz_Schlick
Eric_Voegelin,Leo_Strauss
Eric_Voegelin,Olavo_de_Carvalho
Eric_Voegelin,"William_F._Buckley,_Jr."
Eric_Voegelin,Hans_Jonas
Eric_Voegelin,Othmar_Spann
Eric_Voegelin,Charles_R._Embry
Eric_Voegelin,David_Walsh
Eric_Voegelin,Russell_Kirk
Eric_Voegelin,Ellis_Sandoz
Ernest_Nagel,Mario_Bunge
Ernest_Nagel,Patrick_Suppes
Ted_Honderich,P._F._Strawson
Ted_Honderich,A._J._Ayer
Ted_Honderich,Arda_Denkel
Hillel_Steiner,Peter_Vallentyne
Maimonides,Leo_Strauss
Maimonides,Aristotle
Maimonides,Baruch_Spinoza
Maimonides,Isaac_Newton
Maimonides,James_Joyce
Maimonides,Averroes
Maimonides,Jean_Bodin
Maimonides,Gottfried_Wilhelm_Leibniz
Maimonides,Thomas_Aquinas
William_Leiss,Herbert_Marcuse
Emil_Fackenheim,Friedrich_Wilhelm_Joseph_Schelling
Arne_Næss,Baruch_Spinoza
José_Ortega_y_Gasset,Alain_de_Benoist
José_Ortega_y_Gasset,Martin_Heidegger
José_Ortega_y_Gasset,Edmund_Husserl
José_Ortega_y_Gasset,Wilhelm_Dilthey
Bashar_al-Assad,Zaki_al-Arsuzi
Maurice_Nicoll,George_Gurdjieff
Robert_L._Reymond,Gordon_Clark
Baptist_Union_in_the_Czech_Republic,Petr_Chelčický
Ata_ibn_Abi_Rabah,Ibn_Jurayj
Yan_Fu,Herbert_Spencer
Al-Kindi,Abu_Zayd_al-Balkhi
Al-Kindi,Abu_Ma'shar_al-Balkhi
Al-Kindi,Ebn_Meskavayh
Michel_Henry,Maine_de_Biran
Tokutomi_Sohō,Herbert_Spencer
Philostratus,Apollonius_of_Tyana
Abraham_Isaac_Kook,Baruch_Spinoza
Postliberal_theology,Alasdair_MacIntyre
Vilfredo_Pareto,Niccolò_Machiavelli
Pavel_Florensky,Vladimir_Solovyov_(philosopher)
Democritus,Aristotle
Democritus,Santayana
Democritus,Epicurus
Democritus,Pyrrho
Democritus,Leucippus
Giorgio_Agamben,Martin_Heidegger
Giorgio_Agamben,Michel_Foucault
Giorgio_Agamben,Giordano_Bruno
Giorgio_Agamben,Jacob_Taubes
Giorgio_Agamben,Hannah_Arendt
John_G._Bennett,George_Gurdjieff
Zaki_al-Arsuzi,Michel_Aflaq
Zaki_al-Arsuzi,Salah_al-Din_al-Bitar
Zaki_al-Arsuzi,Salah_Jadid
Zaki_al-Arsuzi,Hafez_al-Assad
Zaki_al-Arsuzi,Nureddin_al-Atassi
Zaki_al-Arsuzi,Amin_al-Hafiz
Cesare_Cremonini_(philosopher),Gabriel_Naudé
Cesare_Cremonini_(philosopher),Libertine
Peter_Winch,Simone_Weil
Friedrich_Ueberweg,Friedrich_Schleiermacher
Bas_van_Fraassen,Wilfrid_Sellars
Abdollah_Javadi-Amoli,Muhammad_Husayn_Tabatabaei
Lutz_Wingert,Jürgen_Habermas
Jacques_Lacan,Louis_Althusser
Jacques_Lacan,Ferdinand_de_Saussure
Jacques_Lacan,Georg_Wilhelm_Friedrich_Hegel
C._J._F._Williams,Arthur_Prior
Cleanthes,Chrysippus
Cleanthes,Sphaerus
Cleanthes,Zeno_of_Citium
R._U._Sirius,Terence_McKenna
Richard_J._F._Day,Antonio_Negri
James_B._Jordan,Rousas_John_Rushdoony
Bangladesh_Liberation_War,Motiur_Rahman_Mollik
Alberto_Toscano,Alain_Badiou
William_Ernest_Johnson,George_Boole
Leo_Strauss,Olavo_de_Carvalho
Leo_Strauss,Peter_Berkowitz
Leo_Strauss,Baruch_Spinoza
Leo_Strauss,Harry_V._Jaffa
Leo_Strauss,Allan_Bloom
Leo_Strauss,Clifford_Orwin
Leo_Strauss,Abram_Shulsky
Leo_Strauss,Steven_B._Smith_(professor)
Leo_Strauss,Thomas_Pangle
Leo_Strauss,Francis_Fukuyama
Leo_Strauss,George_Grant_(philosopher)
Leo_Strauss,Harvey_Mansfield
Leo_Strauss,Andrew_Sullivan
Leo_Strauss,Georg_Wilhelm_Friedrich_Hegel
Leo_Strauss,William_Galston
Leo_Strauss,Carl_Schmitt
Leo_Strauss,Joseph_Cropsey
Leo_Strauss,Alexandre_Kojève
Leo_Strauss,Ernst_Cassirer
Leo_Strauss,Mark_Lilla
Leo_Strauss,Seth_Benardete
Leo_Strauss,Stanley_Rosen
Leo_Strauss,Immanuel_Kant
Leo_Strauss,Richard_Rorty
Leo_Strauss,Jean-Jacques_Rousseau
Henri_Bourassa,Lionel_Groulx
Henri_Bourassa,Ernest_Lapointe
Marshall_McLuhan,B._W._Powe
Marshall_McLuhan,Abbie_Hoffman
Marshall_McLuhan,Camille_Paglia
Marshall_McLuhan,William_Irwin_Thompson
Marshall_McLuhan,Terence_McKenna
Marshall_McLuhan,Paul_Levinson
Marshall_McLuhan,Neil_Postman
Marshall_McLuhan,Douglas_Rushkoff
Marshall_McLuhan,Walter_J._Ong
Marshall_McLuhan,Richard_McKeon
Yehoshua_Bar-Hillel,Rudolf_Carnap
Carl_Gustav_Hempel,Jaegwon_Kim
Carl_Gustav_Hempel,Rudolf_Carnap
Carl_Gustav_Hempel,Robert_Nozick
Francisco_Suárez,Christian_Wolff_(philosopher)
Francisco_Suárez,René_Descartes
Francisco_Suárez,Gottfried_Wilhelm_Leibniz
Francisco_Suárez,Hugo_Grotius
Olavo_de_Carvalho,Friedrich_Wilhelm_Joseph_Schelling
Olavo_de_Carvalho,René_Guénon
Olavo_de_Carvalho,Wolfgang_Smith
Olavo_de_Carvalho,Gottfried_Wilhelm_Leibniz
Olavo_de_Carvalho,Duns_Scotus
Olavo_de_Carvalho,Xavier_Zubiri
Olavo_de_Carvalho,Mortimer_J._Adler
Hoshina_Masayuki,Yamazaki_Ansai
Simplicius_of_Cilicia,Plotinus
Jennifer_Hornsby,Bernard_Williams
Jennifer_Hornsby,Donald_Davidson_(philosopher)
Herbert_Blumer,Erving_Goffman
Herbert_Blumer,Anselm_Strauss
Richard_Tarnas,Rudolf_Steiner
Alfred_Richard_Orage,George_Gurdjieff
Cornelius_van_Bynkershoek,Hugo_Grotius
Muhammad_Ali_Jinnah,Muhammad_Iqbal
Sigmund_Freud,Baruch_Spinoza
Sigmund_Freud,Josef_Breuer
Sigmund_Freud,Karl_Robert_Eduard_von_Hartmann
Sigmund_Freud,Franz_Brentano
Milan_Komar,Alojz_Rebula
Khurshid_Ahmad_(Islamic_scholar),Abul_Ala_Maududi
David_Ray_Griffin,Charles_Hartshorne
James_Harrington_(author),Niccolò_Machiavelli
Hanna_Fenichel_Pitkin,Stanley_Cavell
Hanna_Fenichel_Pitkin,Hannah_Arendt
Walter_Sinnott-Armstrong,Bernard_Gert
Albert_Ellis,Epictetus
Claude_Lefort,Maurice_Merleau-Ponty
Claude_Lefort,Cornelius_Castoriadis
Claude_Lefort,Hannah_Arendt
Tadeusz_Kotarbiński,Franz_Brentano
Otto_Neurath,Berlin_Circle
Otto_Neurath,Vienna_Circle
David_Pearce_(philosopher),Nick_Bostrom
Euclid_of_Megara,Eubulides
Euclid_of_Megara,Thrasymachus_of_Corinth
Euclid_of_Megara,Stilpo
Euclid_of_Megara,Clinomachus
Euclid_of_Megara,Ichthyas
Richard_Wright_(author),Albert_Camus
Richard_Wright_(author),Jean-Paul_Sartre
Antonie_Pannekoek,Joseph_Dietzgen
Berlin_Circle,Hans_Reichenbach
Thorstein_Veblen,Herbert_Spencer
Jeanne_de_Salzmann,George_Gurdjieff
Julie_Dickson,Joseph_Raz
Kuki_Shūzō,Kitaro_Nishida
Kuki_Shūzō,Takeo_Doi
Thomas_Henry_Huxley,David_Hume
B._W._Powe,Northrop_Frye
Gore_Vidal,Michel_de_Montaigne
Isabelle_Stengers,Alfred_North_Whitehead
`Abd_Allah_ibn_`Umar,Ka'ab_al-Ahbar
Palmiro_Togliatti,Antonio_Gramsci
Marcel_Proust,Ralph_Waldo_Emerson
Mufti_Muhammad_Shafi,Mufti
Iván_Werning,Frank_P._Ramsey
W._D._Ross,Robert_Audi
W._D._Ross,G._E._Moore
Alexander_the_Great,Aristotle
Robert_G._Ingersoll,Thomas_Paine
Eric_Hobsbawm,Antonio_Gramsci
Nikolai_Berdyaev,Davor_Džalto
Nikolai_Berdyaev,Vladimir_Solovyov_(philosopher)
Nikolai_Berdyaev,Aldous_Huxley
Nikolai_Berdyaev,Lev_Shestov
Dominique_Lecourt,Gaston_Bachelard
Aristotelianism,Porphyry_(philosopher)
Joseph_Butler,Francis_Hutcheson_(philosopher)
Joseph_Butler,Thomas_Hobbes
Octavio_Paz,Ramón_Xirau
William_Wordsworth,David_Hartley_(philosopher)
Neo-Confucianism,Confucius
George_Trumbull_Ladd,Hermann_Lotze
Ezra_Koenig,Richard_McKeon
Gilbert_Simondon,Maurice_Merleau-Ponty
Gilbert_Simondon,Gaston_Bachelard
Gilbert_Simondon,Bernard_Stiegler
Gilbert_Simondon,Gilles_Deleuze
Yuli_Mikhailovich_Vorontsov,Helena_Roerich
Abbie_Hoffman,Herbert_Marcuse
Cynicism,Diogenes_of_Sinope
William_Godwin,Thomas_Paine
Posidonius,Plutarch
Posidonius,Panaetius
Posidonius,Strabo
Posidonius,Cleomedes
Posidonius,Seneca_the_Younger
Posidonius,Zeno_of_Citium
Posidonius,Jason_of_Nysa
Posidonius,Diodorus_Siculus
Posidonius,Livy
Julia_Kristeva,Hannah_Arendt
Quentin_Meillassoux,Alain_Badiou
José_Saramago,Michel_de_Montaigne
Charles_Darwin,David_Hume
Charles_Darwin,Herbert_Spencer
Gad_Horowitz,Herbert_Marcuse
P._L._Travers,George_Gurdjieff
Edwin_Arthur_Burtt,Giovanni_Gentile
Edwin_Arthur_Burtt,Alexandre_Koyré
Bruno_Bauer,Georg_Wilhelm_Friedrich_Hegel
Northrop_Frye,Margaret_Atwood
Panaetius,Hecato_of_Rhodes
Panaetius,Zeno_of_Citium
Murray_Bookchin,Baruch_Spinoza
Murray_Bookchin,Hans_Jonas
Murray_Bookchin,Georg_Wilhelm_Friedrich_Hegel
Murray_Bookchin,Karl_Marx
Akhtar_Raza_Khan,Hamid_Raza_Khan
Free_Talk_Live,Stefan_Molyneux
Dawud_al-Zahiri,Ibn_Hazm
Dawud_al-Zahiri,Sufyan_al-Thawri
Dawud_al-Zahiri,Muqbil_bin_Haadi_al-Waadi'ee
Dawud_al-Zahiri,Muhammad_Nasiruddin_al-Albani
Dawud_al-Zahiri,Yahya_ibn_Ma'in
Dawud_al-Zahiri,Ibn_Abi_Asim
Suzanne_Briet,Michael_Buckland
Suzanne_Briet,Jesse_Shera
Suzanne_Briet,Bruno_Latour
Jan_Patočka,Edmund_Husserl
Charles_Sanders_Peirce,Friedrich_Wilhelm_Joseph_Schelling
Charles_Sanders_Peirce,George_Boole
Charles_Sanders_Peirce,Thomas_Reid
Charles_Sanders_Peirce,"Victoria,_Lady_Welby"
Charles_Sanders_Peirce,Duns_Scotus
Charles_Sanders_Peirce,Immanuel_Kant
Umberto_Eco,Giordano_Bruno
Umberto_Eco,Antonio_Gramsci
John_Milbank,Alasdair_MacIntyre
Gordon_Clark,Edward_John_Carnell
Gordon_Clark,John_Gerstner
Gordon_Clark,Vincent_Cheung
Gordon_Clark,Carl_F._H._Henry
Peter_Hallward,Alain_Badiou
"Sir_William_Hamilton,_9th_Baronet",John_Veitch_(poet)
"Sir_William_Hamilton,_9th_Baronet",James_Hutchison_Stirling
"Sir_William_Hamilton,_9th_Baronet",Herbert_Spencer
"Sir_William_Hamilton,_9th_Baronet",John_Stuart_Mill
Auguste_Comte,David_Hume
Auguste_Comte,Jean-Jacques_Rousseau
Al-Jahiz,Ibn_Tufail
Al-Jahiz,Ebn_Meskavayh
Al-Jahiz,Abū_Rayḥān_al-Bīrūnī
Giuseppe_Peano,Gottlob_Frege
Jacques_Monod,Albert_Camus
Richard_Cantillon,"Victor_de_Riqueti,_marquis_de_Mirabeau"
Encyclopédistes,Francis_Bacon
Terry_Eagleton,Herbert_McCabe
Judith_Halberstam,Judith_Butler
Porphyry_(philosopher),Boethius
Porphyry_(philosopher),Neoplatonism
Porphyry_(philosopher),Plotinus
János_Pilinszky,Simone_Weil
Justin_Clemens,Alain_Badiou
Matthew_of_Aquasparta,Walter_of_Bruges
Alain_de_Lille,Johannes_Scotus_Eriugena
Peter_Sloterdijk,Gaston_Bachelard
Peter_Sloterdijk,Jacob_Taubes
Peter_Sloterdijk,Bruno_Latour
Empedocles,Aristotle
Empedocles,Pythagoras
Johan_Norberg,Anders_Chydenius
Georg_Henrik_von_Wright,Jaakko_Hintikka
Georg_Henrik_von_Wright,Jürgen_Habermas
Pherecydes_of_Syros,Pythagoras
Maurice_Blanchot,Paul_de_Man
Maurice_Blanchot,Sarah_Kofman
Anaximander,Pythagoras
Anaximander,Thales
Anaximander,Anaximenes_of_Miletus
Jan-Fishan_Khan,Haji_Dost_Muhammad_Qandhari
Sinn_Féin,Roy_Johnston
Hazrat_Babajan,Meher_Baba
Aristotle,Nicolaus_Copernicus
Aristotle,Avicenna
Aristotle,Albertus_Magnus
Aristotle,Christian_philosophy
Aristotle,Socrates
Aristotle,Zeno_of_Elea
Aristotle,Averroes
Aristotle,Ptolemy
Aristotle,List_of_writers_influenced_by_Aristotle
Aristotle,Islamic_philosophy
Aristotle,Duns_Scotus
Aristotle,Western_philosophy
Aristotle,Thomas_Aquinas
Aristotle,Science
Arthur_Fine,Nancy_Cartwright_(philosopher)
Ľudovít_Štúr,Johann_Gottfried_Herder
La_Revista_Blanca,Émile_Armand
La_Revista_Blanca,Han_Ryner
Bangladesh,Motiur_Rahman_Mollik
Michel_Onfray,Émile_Armand
Michel_Onfray,Diogenes_of_Sinope
Michel_Onfray,Epicurus
Michel_Onfray,Georges_Palante
Michel_Onfray,Han_Ryner
Michel_Onfray,Michel_de_Montaigne
Michel_Onfray,Aristippus
Michel_Onfray,Raoul_Vaneigem
Gilles_Grelet,François_Laruelle
Edward_Vermilye_Huntington,Josiah_Royce
Romanticism,Jean-Jacques_Rousseau
Murray_Rothbard,Étienne_de_La_Boétie
Murray_Rothbard,Herbert_Spencer
J._L._Austin,Paul_Grice
J._L._Austin,William_Alston
J._L._Austin,H._L._A._Hart
J._L._Austin,Michel_Foucault
J._L._Austin,Gilbert_Ryle
J._L._Austin,R._M._Hare
J._L._Austin,G._E._Moore
J._L._Austin,Judith_Butler
J._L._Austin,Stanley_Cavell
Haji_Dost_Muhammad_Qandhari,Muhammad_Usman_Damani
Haji_Dost_Muhammad_Qandhari,Muhammad_Tahir
Maurice_Halbwachs,Paul_Ricœur
Philip_Clayton_(theologian),Alfred_North_Whitehead
Ibn_Hawqal,Abu_Zayd_al-Balkhi
Asclepiodotus_of_Alexandria,Damascius
P._F._Strawson,A._J._Ayer
P._F._Strawson,Colin_McGinn
P._F._Strawson,Immanuel_Kant
P._F._Strawson,Arda_Denkel
William_Alston,Thomas_Reid
Charles_le_Gai_Eaton,René_Guénon
C._Wright_Mills,Gaetano_Mosca
Adolf_Reinach,Edmund_Husserl
Leon_Kass,Hans_Jonas
Tine_Hribar,Ivo_Urbančič
Thomas_More,Desiderius_Erasmus
Thomas_More,Giovanni_Pico_della_Mirandola
A._J._Ayer,Mihailo_Marković
A._J._Ayer,Gilbert_Ryle
A._J._Ayer,Rudolf_Carnap
A._J._Ayer,R._M._Hare
A._J._Ayer,David_Hume
A._J._Ayer,George_Berkeley
A._J._Ayer,Immanuel_Kant
George_Eliot,Baruch_Spinoza
Nicolai_Hartmann,Mario_Bunge
Nicolai_Hartmann,György_Lukács
Nicolai_Hartmann,Jitendra_Nath_Mohanty
Nicolai_Hartmann,Max_Scheler
Nicolai_Hartmann,Helmuth_Plessner
Nicolai_Hartmann,Nikolay_Lossky
Angela_Davis,Herbert_Marcuse
Zhuangzi,Eastern_philosophy
Zhuangzi,Taoism
Zhuangzi,Chinese_Buddhism
Zhuangzi,Zen
Zhuangzi,Laozi
John_A._Hall,Ernest_Gellner
Carlo_Rosselli,Antonio_Gramsci
Fredric_Jameson,Louis_Althusser
Fredric_Jameson,Slavoj_Žižek
Fredric_Jameson,Jean-Paul_Sartre
Arete_of_Cyrene,Aristippus
Bahadur_Yar_Jung,Muhammad_Iqbal
Avicenna,Abu_Zayd_al-Balkhi
Karl_Jaspers,Albert_Camus
Karl_Jaspers,Martin_Heidegger
Karl_Jaspers,Hans-Georg_Gadamer
Karl_Jaspers,Wilhelm_Dilthey
Karl_Jaspers,Georg_Wilhelm_Friedrich_Hegel
Karl_Jaspers,Paul_Ricœur
Karl_Jaspers,Jean-Paul_Sartre
Karl_Jaspers,Lacan
Karl_Jaspers,Immanuel_Kant
Karl_Jaspers,Hannah_Arendt
Thomas_de_Hartmann,George_Gurdjieff
Ibn_Kathir,Ibn_Qayyim_Al-Jawziyya
Ibn_Kathir,Al-Dhahabi
James_Hillman,Henry_Corbin
Joseph_Stalin,Karl_Kautsky
Joseph_Stalin,Karl_Marx
Norman_Finkelstein,John_Stuart_Mill
Norman_Finkelstein,Noam_Chomsky
Takis_Fotopoulos,Cornelius_Castoriadis
Chrysippus,Stoicism
Chrysippus,Zeno_of_Citium
François_Laruelle,Ray_Brassier
Louis_Althusser,Baruch_Spinoza
Louis_Althusser,"Anthony_Giddens,_Baron_Giddens"
Louis_Althusser,Ferdinand_de_Saussure
Louis_Althusser,Michel_Foucault
Louis_Althusser,Gaston_Bachelard
Louis_Althusser,Antonio_Gramsci
Louis_Althusser,Nicos_Poulantzas
Louis_Althusser,Michel_Pêcheux
Louis_Althusser,Niccolò_Machiavelli
Louis_Althusser,Étienne_Balibar
Nassim_Nicholas_Taleb,Sextus_Empiricus
Henry_M._Sheffer,Josiah_Royce
André_Breton,René_Guénon
André_Breton,Georg_Wilhelm_Friedrich_Hegel
André_Breton,Charles_Fourier
Edward_Gibbon,Niccolò_Machiavelli
Virgil,Philodemus
Frank_P._Ramsey,Susan_Haack
Frank_P._Ramsey,Ludwig_Wittgenstein
Wolfi_Landstreicher,Diogenes_of_Sinope
Wolfi_Landstreicher,Renzo_Novatore
Wolfi_Landstreicher,Insurrectionary_anarchism
Wolfi_Landstreicher,CrimethInc.
Wolfi_Landstreicher,Raoul_Vaneigem
Alain_de_Benoist,Antonio_Gramsci
Émile_Armand,Ralph_Waldo_Emerson
Émile_Armand,Maria_Lacerda_de_Moura
Émile_Armand,Daniel_Guérin
Émile_Armand,Iniciales
Émile_Armand,Charles_Fourier
Abdel_Rahman_Badawi,Alexandre_Koyré
Edward_Said,Gayatri_Chakravorty_Spivak
Edward_Said,Partha_Chatterjee
Edward_Said,Mahmood_Mamdani
Edward_Said,Grace_Ji-Sun_Kim
Edward_Said,John_Esposito
Edward_Said,Homi_K._Bhabha
Edward_Said,Antonio_Gramsci
Edward_Said,Derek_Gregory
Edward_Said,Rashid_Khalidi
Edward_Said,Nigel_Gibson
Edward_Said,Joseph_Massad
Edward_Said,John_Strawson
Edward_Said,Robert_Fisk
Edward_Said,Christopher_Hitchens
Edward_Said,Noam_Chomsky
Edward_Said,Ranajit_Guha
Gemistus_Pletho,Plotinus
Bernardino_Varisco,Gottfried_Wilhelm_Leibniz
Flannery_O'Connor,Simone_Weil
Doris_Lessing,Jean-Paul_Sartre
Charles_Bernstein,Stanley_Cavell
Henry_Corbin,Muhammad_Husayn_Tabatabaei
Henry_Corbin,Dariush_Shayegan
Henry_Corbin,Harold_Bloom
Henry_Corbin,Kathleen_Raine
Albert_Camus,Mohsin_Hamid
Albert_Camus,Edmund_Husserl
Albert_Camus,Simone_de_Beauvoir
Albert_Camus,Charles_Bukowski
Albert_Camus,Georg_Wilhelm_Friedrich_Hegel
Albert_Camus,Thomas_Merton
Albert_Camus,Georges_Palante
Albert_Camus,Paul_Auster
Albert_Camus,Simone_Weil
Albert_Camus,Jean-Paul_Sartre
Albert_Camus,Orhan_Pamuk
Albert_Camus,Lev_Shestov
Alexis_de_Tocqueville,Friedrich_Hayek
Alexis_de_Tocqueville,Emmanuel_Todd
Alexis_de_Tocqueville,Max_Weber
Alexis_de_Tocqueville,John_Stuart_Mill
Alexis_de_Tocqueville,Montesquieu
Alexis_de_Tocqueville,Jean-Jacques_Rousseau
Lyndon_LaRouche,Gottfried_Wilhelm_Leibniz
Thomas_Robert_Malthus,David_Hume
Henry_More,René_Descartes
Daniel_Cohn-Bendit,Cornelius_Castoriadis
Susan_Haack,Luciano_Floridi
Henry_Sidgwick,Derek_Parfit
Henry_Sidgwick,Alfred_Marshall
Henry_Sidgwick,R._M._Hare
Henry_Sidgwick,Mordecai_Kaplan
Henry_Sidgwick,Peter_Singer
Henry_Sidgwick,John_Rawls
Henry_Sidgwick,Herbert_Spencer
Christian_Wolff_(philosopher),Confucius
Christian_Wolff_(philosopher),Alexander_Gottlieb_Baumgarten
Christian_Wolff_(philosopher),Gottfried_Wilhelm_Leibniz
Christian_Wolff_(philosopher),Immanuel_Kant
Martin_Heidegger,Giovanni_Gentile
Martin_Heidegger,Edmund_Husserl
Martin_Heidegger,Friedrich_Wilhelm_Joseph_Schelling
Martin_Heidegger,Wilhelm_Dilthey
Martin_Heidegger,Georg_Wilhelm_Friedrich_Hegel
Martin_Heidegger,Meister_Eckhart
Martin_Heidegger,Gottfried_Wilhelm_Leibniz
Martin_Heidegger,Duns_Scotus
Martin_Heidegger,Friedrich_Heinrich_Jacobi
Martin_Heidegger,Immanuel_Kant
Martin_Heidegger,Franz_Brentano
Dallas_Willard,Edmund_Husserl
Isaiah_Berlin,Alexander_Herzen
Isaiah_Berlin,John_Rawls
Isaiah_Berlin,John_Stuart_Mill
Camille_Paglia,Simone_de_Beauvoir
Naser_Makarem_Shirazi,Muhammad_Husayn_Tabatabaei
Amafinius,Epicurus
Claude_Shannon,George_Boole
Amalric_of_Bena,Johannes_Scotus_Eriugena
Baruch_Spinoza,René_Descartes
Baruch_Spinoza,Friedrich_Wilhelm_Joseph_Schelling
Baruch_Spinoza,Donald_Davidson_(philosopher)
Baruch_Spinoza,David_Ben-Gurion
Baruch_Spinoza,Giordano_Bruno
Baruch_Spinoza,Albert_Einstein
Baruch_Spinoza,Mordecai_Kaplan
Baruch_Spinoza,Georg_Wilhelm_Friedrich_Hegel
Baruch_Spinoza,Ludwig_Wittgenstein
Baruch_Spinoza,Michael_Hardt
Baruch_Spinoza,Karl_Marx
Baruch_Spinoza,Judith_Butler
Baruch_Spinoza,Gottfried_Wilhelm_Leibniz
Baruch_Spinoza,Emmanuel_Levinas
Baruch_Spinoza,Johann_Wolfgang_von_Goethe
Baruch_Spinoza,Johann_Gottlieb_Fichte
Baruch_Spinoza,Immanuel_Kant
Baruch_Spinoza,Erich_Fromm
Baruch_Spinoza,George_Santayana
Baruch_Spinoza,Samuel_Taylor_Coleridge
Baruch_Spinoza,Jean-Jacques_Rousseau
Baruch_Spinoza,Arthur_Schopenhauer
Baruch_Spinoza,Thomas_Hobbes
Baruch_Spinoza,Gilles_Deleuze
Baruch_Spinoza,Antonio_Negri
Karl_Kraus,Otto_Weininger
Zygmunt_Bauman,Antonio_Gramsci
Hiroshi_Shimizu,Kitaro_Nishida
Necip_Fazıl_Kısakürek,Abdulhakim_Arvasi
Necip_Fazıl_Kısakürek,Salih_Mirzabeyoglu
Rosalind_Hursthouse,Philippa_Foot
Nancey_Murphy,Imre_Lakatos
Zeno_of_Sidon,Philodemus
Iris_Murdoch,Simone_Weil
Iris_Murdoch,Jean-Paul_Sartre
Josiah_Royce,Clarence_Irving_Lewis
Josiah_Royce,Timothy_Sprigge
Josiah_Royce,Morris_Raphael_Cohen
Josiah_Royce,Gabriel_Marcel
Josiah_Royce,Hermann_Lotze
Rachel_Bluwstein,A._D._Gordon
Titus_Burckhardt,René_Guénon
Richard_Bandler,John_Grinder
Alva_Noë,Evan_Thompson
Alva_Noë,Hubert_Dreyfus
Lorenzo_Ferrero,Gianni_Vattimo
Mencius,Confucius
Mencius,Timeline_of_Eastern_philosophers
Muhammad_al-Tijani,Muhammad_Husayn_Tabatabaei
Gavin_Hyman,Gianni_Vattimo
Alexius_Meinong,Terence_Parsons
Alexius_Meinong,Roderick_Chisholm
Alexius_Meinong,Bertrand_Russell
Alexius_Meinong,David_Hume
Alexius_Meinong,Ernst_Mally
Alexius_Meinong,Franz_Brentano
Friedrich_Hayek,Othmar_Spann
Friedrich_Hayek,Bernard_Mandeville
Friedrich_Hayek,Edmund_Burke
Friedrich_Hayek,Karl_Popper
Michel_Aflaq,René_Descartes
Michel_Aflaq,Henri_Bergson
Michel_Aflaq,Georg_Wilhelm_Friedrich_Hegel
Michel_Aflaq,Karl_Marx
Michel_Aflaq,Georges_Sorel
Michel_Aflaq,Oswald_Spengler
Millan_Puelles,Edmund_Husserl
Millan_Puelles,Franz_Brentano
C._West_Churchman,William_James
"William_F._Buckley,_Jr.",Edmund_Burke
György_Lukács,Walter_Benjamin
György_Lukács,Georg_Wilhelm_Friedrich_Hegel
György_Lukács,Guy_Debord
György_Lukács,Karl_Marx
György_Lukács,Georg_Simmel
György_Lukács,Georges_Sorel
György_Lukács,Praxis_School
György_Lukács,Lucien_Goldmann
Diogenes_of_Sinope,Stoicism
Diogenes_of_Sinope,Crates_of_Thebes
Diogenes_of_Sinope,Han_Ryner
Douglas_Wilson_(theologian),Rousas_John_Rushdoony
Douglas_Wilson_(theologian),Cornelius_Van_Til
Giovanni_Gentile,William_Ernest_Hocking
Giovanni_Gentile,Bernard_Bosanquet_(philosopher)
Giovanni_Gentile,Clarence_Irving_Lewis
Giovanni_Gentile,Timothy_Sprigge
Giovanni_Gentile,Benito_Mussolini
Giovanni_Gentile,Georg_Wilhelm_Friedrich_Hegel
Giovanni_Gentile,Benedetto_Croce
Giovanni_Gentile,Immanuel_Kant
Giovanni_Gentile,Ugo_Spirito
Kostas_Axelos,Jacques_Derrida
Kostas_Axelos,Henri_Lefebvre
Sayyid_Qutb,Abul_Ala_Maududi
Khilafat_Movement,Muhammad_Iqbal
Susanne_Langer,Bernard_Lonergan
Susanne_Langer,Louis_Arnaud_Reid
Susanne_Langer,Alfred_North_Whitehead
Lyudmila_Zhivkova,Helena_Roerich
Émile_Boutroux,Maurice_Blondel
Émile_Boutroux,Maine_de_Biran
Noe_Ito,Jun_Tsuji
Noe_Ito,Emma_Goldman
Karl_Kautsky,Leon_Trotsky
Karl_Kautsky,Max_Adler_(Marxist)
Karl_Kautsky,Bruno_Kreisky
Karl_Kautsky,Otto_Bauer
Karl_Kautsky,Rosa_Luxemburg
Karl_Kautsky,Vladimir_Lenin
Karl_Kautsky,Konrad_Lorenz
Karl_Kautsky,Willy_Brandt
Karl_Kautsky,Karl_Renner
Indian_independence_movement,Muhammad_Iqbal
Paulo_Freire,Antonio_Gramsci
Paulo_Freire,Herbert_Marcuse
Jakob_Böhme,Julius_Evola
Jakob_Böhme,William_Law
Jakob_Böhme,Friedrich_Wilhelm_Joseph_Schelling
Jakob_Böhme,Louis_Claude_de_Saint-Martin
Jakob_Böhme,Georg_Wilhelm_Friedrich_Hegel
Jakob_Böhme,Pierre_Poiret
Jakob_Böhme,John_Pordage
Jakob_Böhme,Arthur_Schopenhauer
Richard_Dawkins,Daniel_Dennett
Peter_Deunov,Paramahansa_Yogananda
Peter_Deunov,Rudolf_Steiner
Peter_Deunov,Jiddu_Krishnamurti
Peter_Deunov,Omraam_Mikhaël_Aïvanhov
Joseph_Needham,Zhu_Xi
Giorgio_de_Chirico,Otto_Weininger
Thomas_Paine,Pierre_Victurnien_Vergniaud
Thomas_Paine,Jyotirao_Phule
Thomas_Paine,John_Locke
Thomas_Paine,Moncure_D._Conway
Thomas_Paine,Mary_Wollstonecraft
Thomas_Paine,Bertrand_Russell
Thomas_Paine,Abraham_Lincoln
Thomas_Paine,Thomas_Edison
Thomas_Paine,Thomas_Jefferson
Thomas_Paine,Christopher_Hitchens
Thomas_Paine,Montesquieu
Thomas_Paine,Jean-Jacques_Rousseau
Kenzaburō_Ōe,Jean-Paul_Sartre
Alcmaeon_of_Croton,Pythagoras
Ignacio_Ellacuría,Xavier_Zubiri
Georges_Bataille,Michel_Foucault
Georges_Bataille,Georg_Wilhelm_Friedrich_Hegel
Georges_Bataille,Lev_Shestov
Carlos_Vaz_Ferreira,Herbert_Spencer
Carlos_Vaz_Ferreira,John_Stuart_Mill
Pseudo-Dionysius_the_Areopagite,Proclus
Pseudo-Dionysius_the_Areopagite,Maximus_the_Confessor
Pseudo-Dionysius_the_Areopagite,Christian_mysticism
Pseudo-Dionysius_the_Areopagite,Meister_Eckhart
Pseudo-Dionysius_the_Areopagite,Apophatic_theology
Pseudo-Dionysius_the_Areopagite,Plotinus
Pseudo-Dionysius_the_Areopagite,Johannes_Scotus_Eriugena
B._R._Ambedkar,Jyotirao_Phule
B._R._Ambedkar,Edmund_Burke
René_Descartes,Edmund_Husserl
René_Descartes,Sextus_Empiricus
René_Descartes,John_Locke
René_Descartes,Léon_Brunschvicg
René_Descartes,Antoine_Arnauld
René_Descartes,Blaise_Pascal
René_Descartes,Jason_Stanley
René_Descartes,Émile_Durkheim
René_Descartes,Gottfried_Wilhelm_Leibniz
René_Descartes,Michel_de_Montaigne
René_Descartes,Slavoj_Žižek
René_Descartes,Duns_Scotus
René_Descartes,Immanuel_Kant
René_Descartes,Thomas_Hobbes
René_Descartes,Noam_Chomsky
Damascius,Proclus
Damascius,Plotinus
Gary_DeMar,Rousas_John_Rushdoony
Mark_Baker_(linguist),Noam_Chomsky
Indonesian_Ulema_Council,Hamka
Frank_Lloyd_Wright,George_Gurdjieff
Juan_José_Castelli,Jean-Jacques_Rousseau
Muhammad_Usman_Damani,Muhammad_Tahir
Muhammad_Usman_Damani,Muhammad_Sirajuddin_Naqshbandi
Muhammad_Usman_Damani,Fazal_Ali_Qureshi
Muhammad_Usman_Damani,Sayyad_Laal_Shah_Hamdani
John_of_Salisbury,Peter_Abelard
Mary_Shelley,Jean-Jacques_Rousseau
Nasir_Khusraw,Mu'ayyad_fi'l-Din_al-Shirazi
Kurt_Gödel,Edmund_Husserl
Kurt_Gödel,Rudolf_Carnap
Kurt_Gödel,Gottfried_Wilhelm_Leibniz
Milan_Kundera,Edmund_Husserl
Kitaro_Nishida,Shin'ichi_Hisamatsu
Kitaro_Nishida,Keiji_Nishitani
Kitaro_Nishida,Tetsuro_Watsuji
Kitaro_Nishida,Hajime_Tanabe
Tahar_Ben_Jelloun,Taha_Hussein
Gayatri_Chakravorty_Spivak,R._Radhakrishnan
Félix_Ravaisson-Mollien,Maine_de_Biran
Dante_Alighieri,Boethius
Franz_Kafka,Otto_Weininger
George_Dickie,Arthur_Danto
Joseph_Goebbels,Oswald_Spengler
Julian_the_Apostate,Plotinus
Zhou_Dunyi,Cheng_Yi
Zhou_Dunyi,Zhu_Xi
Zhou_Dunyi,Cheng_Hao
Baron_d'Holbach,Karl_Marx
Baron_d'Holbach,David_Hume
Joseph_E._LeDoux,Hilary_Putnam
Bill_W.,William_James
Pericles,Anaxagoras
Bolívar_Echeverría,Enrique_Dussel
Hussein_Ibish,R._Radhakrishnan
Leon_Trotsky,Karl_Marx
Leon_Trotsky,Alexander_Herzen
Theodorus_the_Atheist,Aristippus
Dietrich_von_Hildebrand,Edmund_Husserl
Ayaan_Hirsi_Ali,John_Stuart_Mill
Friedrich_Waismann,Rudolf_Carnap
Unity_of_the_Brethren,Petr_Chelčický
Leslie_Green_(philosopher),H._L._A._Hart
Isaac_Newton,Francis_Bacon
Allan_Bloom,Thomas_Pangle
Allan_Bloom,Francis_Fukuyama
Allan_Bloom,Alan_Keyes
Allan_Bloom,Harvey_Mansfield
Kit_Fine,Arthur_Prior
Eric_Hoffer,Michel_de_Montaigne
Kenneth_Binmore,David_Hume
Euclid,Pythagoras
Francisco_Varela,Edmund_Husserl
Paul_Boghossian,Saul_Kripke
Nicolae_Ceaușescu,Karl_Marx
Julius_Evola,Otto_Weininger
Julius_Evola,René_Guénon
African_Spir,Hans_Vaihinger
African_Spir,David_Hume
African_Spir,Gerardus_Heymans
African_Spir,William_James
African_Spir,Leo_Tolstoy
Richard_Webster_(author),Gilbert_Ryle
Ka'ab_al-Ahbar,'Abd_Allah_ibn_'Amr_ibn_al-'As
Ka'ab_al-Ahbar,Muawiyah_I
Ka'ab_al-Ahbar,Abu_Hurairah
Samuel_von_Pufendorf,Hugo_Grotius
Francis_Hutcheson_(philosopher),Adam_Smith
Francis_Hutcheson_(philosopher),Jeremy_Bentham
Francis_Hutcheson_(philosopher),David_Hume
T._S._Eliot,F._H._Bradley
United_States_Constitution,Montesquieu
John_Perry_(philosopher),Héctor-Neri_Castañeda
Emerich_de_Vattel,Benjamin_Franklin
Emerich_de_Vattel,Alexander_Hamilton
Emerich_de_Vattel,Western_philosophy
Emerich_de_Vattel,Hugo_Grotius
Emerich_de_Vattel,George_Washington
Jörg_Lanz_von_Liebenfels,Otto_Weininger
Theognostus_of_Alexandria,Gregory_of_Nyssa
Theognostus_of_Alexandria,Catechetical_School_of_Alexandria
Vladimir_Solovyov_(philosopher),Alexander_Blok
Vladimir_Solovyov_(philosopher),Semyon_Frank
Vladimir_Solovyov_(philosopher),Alexandre_Kojève
Vladimir_Solovyov_(philosopher),Sergei_Bulgakov
Robert_B._Pippin,John_McDowell
Robert_B._Pippin,Robert_Brandom
Brian_Massumi,Félix_Guattari
Hippasus,Pythagoras
Otto_Weininger,Gertrude_Stein
Otto_Weininger,Elias_Canetti
Otto_Weininger,James_Joyce
Otto_Weininger,Thomas_Bernhard
Otto_Weininger,Ludwig_Wittgenstein
Otto_Weininger,Robert_Musil
Otto_Weininger,August_Strindberg
Otto_Weininger,Georg_Trakl
Otto_Weininger,Emil_Cioran
Otto_Weininger,Arnold_Schoenberg
Otto_Weininger,Immanuel_Kant
Hans_Jonas,Alfred_North_Whitehead
Hans_Jonas,Hannah_Arendt
Kenneth_Waltz,Robert_Keohane
Kenneth_Waltz,Robert_Jervis
Kenneth_Waltz,Joseph_Nye
Kenneth_Waltz,John_Mearsheimer
D._H._Lawrence,Lev_Shestov
R._Radhakrishnan,David_Lloyd_(academic)
R._Radhakrishnan,Homi_K._Bhabha
R._Radhakrishnan,Partha_Chatterjee_(scholar)
Andy_Hurley,John_Zerzan
H._L._A._Hart,Stephen_Guest
H._L._A._Hart,Hans_Kelsen
H._L._A._Hart,Ronald_Dworkin
H._L._A._Hart,Jeremy_Waldron
H._L._A._Hart,Neil_MacCormick
H._L._A._Hart,Joseph_Raz
H._L._A._Hart,John_Rawls
H._L._A._Hart,John_Finnis
H._L._A._Hart,John_Stuart_Mill
Rudolf_Bultmann,Friedrich_Schleiermacher
Auberon_Herbert,Herbert_Spencer
Edmund_Husserl,Sextus_Empiricus
Edmund_Husserl,Johann_Friedrich_Herbart
Edmund_Husserl,Theodor_W._Adorno
Edmund_Husserl,Edith_Stein
Edmund_Husserl,Ludwig_Landgrebe
Edmund_Husserl,Maurice_Merleau-Ponty
Edmund_Husserl,Rudolf_Carnap
Edmund_Husserl,Pope_John_Paul_II
Edmund_Husserl,Max_Scheler
Edmund_Husserl,Bernard_Stiegler
Edmund_Husserl,Paul_Ricœur
Edmund_Husserl,Ludwig_von_Mises
Edmund_Husserl,Eugen_Fink
Edmund_Husserl,Eugène_Minkowski
Edmund_Husserl,David_Hume
Edmund_Husserl,Hans_Blumenberg
Edmund_Husserl,Emmanuel_Levinas
Edmund_Husserl,Alexandre_Koyré
Edmund_Husserl,Jean-Paul_Sartre
Edmund_Husserl,Jean-Luc_Marion
Edmund_Husserl,Gottlob_Frege
Edmund_Husserl,Leszek_Kołakowski
Edmund_Husserl,Immanuel_Kant
Edmund_Husserl,Alfred_Schütz
Edmund_Husserl,Jacques_Derrida
Edmund_Husserl,Franz_Brentano
Edmund_Husserl,Marvin_Farber
Edmund_Husserl,Hannah_Arendt
Olgivanna_Lloyd_Wright,George_Gurdjieff
Traditionalist_School,Plotinus
Robert_Michels,Gaetano_Mosca
Peter_Damian,Johannes_Scotus_Eriugena
Larry_Laudan,Ferdinand_Canning_Scott_Schiller
Bernard_Williams,Philippa_Foot
Michael_Walzer,Michael_Sandel
Michael_Walzer,Amy_Gutmann
Michael_Walzer,Jean_Bethke_Elshtain
Michael_Walzer,Michael_W._Doyle
Abdulhakim_Arvasi,Fiqh
Abdulhakim_Arvasi,Ahmad_Sirhindi
Abdulhakim_Arvasi,Hüseyin_Hilmi_Işık
Abdulhakim_Arvasi,Islamic_philosophy
Al-Muqaddasi,Abu_Zayd_al-Balkhi
John_Wesley,Jan_Hus
Derek_Bickerton,Noam_Chomsky
School_of_Chartres,Johannes_Scotus_Eriugena
Mark_Bevir,R._A._W._Rhodes
Margaret_Sanger,Emma_Goldman
Dieter_Henrich,Johann_Gottlieb_Fichte
Ibn_Khaldun,Al-Maqrizi
Ibn_Khaldun,Ibn_al-Azraq
Douglas_Kellner,Herbert_Marcuse
Alan_Watts,William_James
William_S._Burroughs,Jean-Paul_Sartre
Mikhail_Bakunin,Georg_Wilhelm_Friedrich_Hegel
Mikhail_Bakunin,Pierre-Joseph_Proudhon
Mikhail_Bakunin,Karl_Marx
Mikhail_Bakunin,Jean-Jacques_Rousseau
Proclus,Iamblichus
Proclus,Marsilio_Ficino
Proclus,Plotinus
Peter_Ludlow,Jason_Stanley
Peter_Ludlow,Noam_Chomsky
Luciano_Floridi,Richard_Popkin
Meher_Baba,Upasni_Maharaj
Ray_C._Dougherty,Noam_Chomsky
Bernard_Bosanquet_(philosopher),Christoph_von_Sigwart
Étienne_de_La_Boétie,Lew_Rockwell
Étienne_de_La_Boétie,Raoul_Vaneigem
Étienne_de_La_Boétie,Rudolf_Rocker
Sextus_Empiricus,Aenesidemus
Sextus_Empiricus,Georg_Wilhelm_Friedrich_Hegel
Sextus_Empiricus,Pyrrho
Sextus_Empiricus,David_Hume
Sextus_Empiricus,Michel_de_Montaigne
Pythagoras,Johannes_Kepler
Pythagoras,Thales
Pythagoras,Philolaus
Stanisław_Leśniewski,Franz_Brentano
Aenesidemus,Pyrrho
Alasdair_MacIntyre,Herbert_McCabe
Alasdair_MacIntyre,Peter_Geach
Alasdair_MacIntyre,Alister_McGrath
Alasdair_MacIntyre,Stanley_Hauerwas
Alasdair_MacIntyre,Radical_Orthodoxy
Jules_Vuillemin,Jacques_Bouveresse
Jules_Vuillemin,Jean_Bricmont
Wilfrid_Sellars,Ray_Brassier
Wilfrid_Sellars,Paul_Churchland
Wilfrid_Sellars,John_McDowell
Wilfrid_Sellars,Gilbert_Ryle
Wilfrid_Sellars,James_F._Conant
Wilfrid_Sellars,Richard_Rorty
Wilfrid_Sellars,Mark_Lance
Wilfrid_Sellars,Robert_Brandom
William_Frankena,Clarence_Irving_Lewis
Wang_Fuzhi,Zhu_Xi
Clarence_Irving_Lewis,Robert_Paul_Wolff
Clarence_Irving_Lewis,Roderick_Chisholm
Clarence_Irving_Lewis,Roderick_Firth
Clarence_Irving_Lewis,Willard_Van_Orman_Quine
David_Abram,Maurice_Merleau-Ponty
Carl_Menger,Franz_Brentano
Muhsin_al-Hakim,Grand_Ayatollah_Muhammad_Hussain_Najafi
Morris_Halle,Noam_Chomsky
Judith_Jarvis_Thomson,Philippa_Foot
Michael_Taussig,Karl_Marx
Abu_Zayd_al-Balkhi,Joseph_Wolpe
Abu_Zayd_al-Balkhi,Muhammad_ibn_Zakariya_al-Razi
Keith_Ward,Richard_Swinburne
Simon_Critchley,Alain_Badiou
Simon_Critchley,Jacques_Rancière
Jean_Cavaillès,Léon_Brunschvicg
Jean_Cavaillès,Gaston_Bachelard
Jean_Cavaillès,Jacques_Bouveresse
Avital_Ronell,Emmanuel_Levinas
Michael_Jackson_(anthropologist),Jean-Paul_Sartre
Michael_Jackson_(anthropologist),William_James
Michael_Jackson_(anthropologist),Hannah_Arendt
Simone_de_Beauvoir,Karl_Marx
Simone_de_Beauvoir,Adrienne_Rich
Simone_de_Beauvoir,Judith_Butler
Simone_de_Beauvoir,Jean-Paul_Sartre
Simone_de_Beauvoir,Sarah_Hoagland
Simone_de_Beauvoir,Germaine_Greer
Simone_de_Beauvoir,Betty_Friedan
Carl_Stumpf,Franz_Brentano
Michael_Warner,Judith_Butler
William_Irwin_Thompson,Alfred_North_Whitehead
Anders_Chydenius,Liberalism_and_centrism_in_Sweden
Protagoras,Ferdinand_Canning_Scott_Schiller
Protagoras,Jeremy_Bentham
Protagoras,Zeno_of_Elea
Muhammad_Husayn_Tabatabaei,Mohammad_Beheshti
Muhammad_Husayn_Tabatabaei,Dariush_Shayegan
Muhammad_Husayn_Tabatabaei,Ebrahim_Amini
Muhammad_Husayn_Tabatabaei,Hossein_Nasr
Muhammad_Husayn_Tabatabaei,Musa_al-Sadr
Muhammad_Husayn_Tabatabaei,Allama_Amjad_Jauhari
Muhammad_Husayn_Tabatabaei,Morteza_Motahhari
Ferdinand_de_Saussure,Michel_Foucault
Ferdinand_de_Saussure,Ernesto_Laclau
Ferdinand_de_Saussure,Claude_Lévi-Strauss
Ferdinand_de_Saussure,Leonard_Bloomfield
Ferdinand_de_Saussure,Roman_Jakobson
Ferdinand_de_Saussure,Roland_Barthes
Ferdinand_de_Saussure,Jacques_Derrida
Ferdinand_de_Saussure,Noam_Chomsky
Johann_Friedrich_Herbart,Immanuel_Hermann_Fichte
Johann_Friedrich_Herbart,Hermann_Lotze
Johann_Friedrich_Herbart,Friedrich_Eduard_Beneke
Johann_Friedrich_Herbart,Antonio_Labriola
Theodor_W._Adorno,Walter_Benjamin
Theodor_W._Adorno,Georg_Wilhelm_Friedrich_Hegel
Theodor_W._Adorno,Max_Horkheimer
Theodor_W._Adorno,Søren_Kierkegaard
Theodor_W._Adorno,Jürgen_Habermas
French_Revolution,Jean-Jacques_Rousseau
Abul_Ala_Maududi,Mian_Tufail_Mohammad
Abul_Ala_Maududi,Jalaluddin_Umri
Abul_Ala_Maududi,Ghulam_Azam
Abul_Ala_Maududi,Qazi_Hussain_Ahmad
Abul_Ala_Maududi,Syed_Munawar_Hasan
Abul_Ala_Maududi,Yusuf_Islahi
Abul_Ala_Maududi,Khurram_Murad
Abul_Ala_Maududi,Israr_Ahmed
Abul_Ala_Maududi,Muhammad_Iqbal
Abul_Ala_Maududi,Syed_Ali_Shah_Geelani
William_Ewart_Gladstone,Edmund_Burke
Peter_Lamborn_Wilson,Charles_Fourier
Epicurus,Michel_Foucault
Epicurus,Hermarchus
Epicurus,Hadrian
Epicurus,Philodemus
Epicurus,Catius
Epicurus,Jeremy_Bentham
Epicurus,Karl_Marx
Epicurus,Pyrrho
Epicurus,David_Hume
Epicurus,Han_Ryner
Epicurus,Metrodorus_of_Lampsacus_(the_younger)
Epicurus,Pierre_Gassendi
Epicurus,Aristippus
Epicurus,Thomas_Jefferson
Epicurus,Immanuel_Kant
Epicurus,John_Stuart_Mill
Epicurus,Thomas_Hobbes
David_Marr_(neuroscientist),Hilary_Putnam
Cheng_Yi_(philosopher),Zhu_Xi
John_D._Caputo,James_K._A._Smith
John_D._Caputo,Paul_Ricœur
John_D._Caputo,Gianni_Vattimo
John_D._Caputo,Richard_Kearney
Ferdinand_Canning_Scott_Schiller,William_James
John_B._Cobb,Charles_Hartshorne
John_Locke,Adam_Smith
John_Locke,David_Hume
John_Locke,George_Berkeley
John_Locke,Francis_Bacon
John_Locke,Immanuel_Kant
John_Locke,Hugo_Grotius
John_Locke,Arthur_Schopenhauer
John_Locke,Thomas_Hobbes
Jerome_of_Prague,Jan_Hus
Dugald_Stewart,David_Hume
Francis_Fukuyama,Georg_Wilhelm_Friedrich_Hegel
Terence_McKenna,Robert_Anton_Wilson
Terence_McKenna,Ralph_Abraham
Terence_McKenna,Rupert_Sheldrake
Terence_McKenna,Alfred_North_Whitehead
Terence_McKenna,Clifford_A._Pickover
Friedrich_Wilhelm_Joseph_Schelling,Giordano_Bruno
Friedrich_Wilhelm_Joseph_Schelling,Georg_Wilhelm_Friedrich_Hegel
Friedrich_Wilhelm_Joseph_Schelling,Slavoj_Žižek
Friedrich_Wilhelm_Joseph_Schelling,Johann_Wolfgang_von_Goethe
Friedrich_Wilhelm_Joseph_Schelling,Johann_Gottlieb_Fichte
Friedrich_Wilhelm_Joseph_Schelling,Paul_Tillich
Friedrich_Wilhelm_Joseph_Schelling,Søren_Kierkegaard
Friedrich_Wilhelm_Joseph_Schelling,Immanuel_Kant
Friedrich_Wilhelm_Joseph_Schelling,Samuel_Taylor_Coleridge
Amy_Goodman,Noam_Chomsky
Raymond_Williams,Antonio_Gramsci
Bengali_poetry,Motiur_Rahman_Mollik
Edmund_Leach,Ernest_Gellner
Wayne_C._Booth,Richard_McKeon
Kevin_Carson,Ivan_Illich
Kevin_Carson,Pierre-Joseph_Proudhon
Herman_Dooyeweerd,Othmar_Spann
Thales,Anaximenes_of_Miletus
Jakob_Friedrich_Fries,Friedrich_Heinrich_Jacobi
Adam_Ferguson,David_Hume
Adam_Ferguson,William_Cleghorn
Green_Anarchy,John_Zerzan
Xuanxue,Confucius
Albertus_Magnus,Boethius
George_Grant_(philosopher),Matt_Cohen_(writer)
George_Grant_(philosopher),William_Christian_(Canadian_political_scientist)
George_Grant_(philosopher),Dennis_Lee_(author)
George_Grant_(philosopher),Ron_Dart
George_Grant_(philosopher),Barry_F._Cooper
Czesław_Miłosz,Simone_Weil
Czesław_Miłosz,Lev_Shestov
Jean-Luc_Godard,Simone_Weil
Music_of_Bengal,Motiur_Rahman_Mollik
George_Boole,Bertrand_Russell
George_Boole,William_Stanley_Jevons
George_Boole,Augustus_De_Morgan
Michel_Foucault,Claude_Lévi-Strauss
Michel_Foucault,Maurice_Merleau-Ponty
Michel_Foucault,Gaston_Bachelard
Michel_Foucault,Karl_Marx
Michel_Foucault,Jean-Paul_Sartre
Michel_Foucault,Immanuel_Kant
Michel_Foucault,Roland_Barthes
Michel_Foucault,Hannah_Arendt
Michel_Foucault,Gilles_Deleuze
Archytas,Menaechmus
Archytas,Eudoxus_of_Cnidus
Adam_Smith,Bernard_Mandeville
Adam_Smith,David_Hume
Adam_Smith,William_Petty
Rousas_John_Rushdoony,Cornelius_Van_Til
Rousas_John_Rushdoony,Francis_Nigel_Lee
Rousas_John_Rushdoony,Francis_Schaeffer
Rousas_John_Rushdoony,Greg_Bahnsen
Rousas_John_Rushdoony,John_Lofton
Sidney_Hook,Morris_Raphael_Cohen
Sidney_Hook,Paul_Kurtz
Ray_Brassier,Nick_Land
Ray_Brassier,Alain_Badiou
Oskar_Morgenstern,Othmar_Spann
Ralph_Waldo_Emerson,Georg_Wilhelm_Friedrich_Hegel
Ralph_Waldo_Emerson,Harold_Bloom
Ralph_Waldo_Emerson,Michel_de_Montaigne
Ralph_Waldo_Emerson,Robert_Musil
Ralph_Waldo_Emerson,Ivan_Cankar
Ralph_Waldo_Emerson,William_James
Ralph_Waldo_Emerson,Emma_Goldman
Ralph_Waldo_Emerson,Immanuel_Kant
Georg_Misch,Wilhelm_Dilthey
Michael_Sandel,Richard_David_Precht
Hans_Vaihinger,Alfred_Adler
Hans_Vaihinger,Karl_Robert_Eduard_von_Hartmann
Curzio_Malaparte,Georges_Sorel
Shah_Ghulam_Ali_Dehlavi,Mirza_Mazhar_Jan-e-Janaan
Shah_Ghulam_Ali_Dehlavi,Muhammad_Tahir
Chinese_philosophy,Confucius
Gerald_Cohen,John_Roemer
Gerald_Cohen,Michael_Otsuka
Gerald_Cohen,Jonathan_Wolff_(philosopher)
Gerald_Cohen,Leslie_Jacobs
Hypatia,Synesius
Hypatia,Plotinus
Paul_Krugman,John_Stuart_Mill
Sufism,Ahmad_Sirhindi
Sufism,Khwaja_Shamsuddin_Azimi
François_Quesnay,Confucius
Alhazen,Kamāl_al-Dīn_al-Fārisī
James_Madison,David_Hume
Henri_Bergson,William_James
Henri_Bergson,Immanuel_Kant
Henri_Bergson,Plotinus
Henri_Bergson,Herbert_Spencer
Henri_Bergson,Maine_de_Biran
Alvin_Plantinga,Thomas_Reid
Alvin_Plantinga,William_Lane_Craig
Benedict_Ashley,Mortimer_J._Adler
Shibli_Nomani,Hamiduddin_Farahi
Shibli_Nomani,Javed_Ahmad_Ghamidi
Shibli_Nomani,Mohandas_Karamchand_Gandhi
Shibli_Nomani,Amin_Ahsan_Islahi
Shibli_Nomani,Syed_Sulaiman_Nadvi
Shibli_Nomani,Abul_Kalam_Azad
Hamka,Muhammadiyah
Ernesto_Laclau,Antonio_Gramsci
Ernesto_Laclau,Karl_Marx
Ernesto_Laclau,Jacques_Rancière
Ernesto_Laclau,Slavoj_Žižek
W._E._B._Du_Bois,William_James
Frithjof_Schuon,René_Guénon
Robert_Cummings_Neville,Confucius
Donald_Davidson_(philosopher),John_McDowell
Donald_Davidson_(philosopher),Rudolf_Carnap
Donald_Davidson_(philosopher),Colin_McGinn
Donald_Davidson_(philosopher),Pascal_Engel
Donald_Davidson_(philosopher),Hilary_Putnam
Donald_Davidson_(philosopher),Gareth_Evans_(philosopher)
Donald_Davidson_(philosopher),Richard_Rorty
Donald_Davidson_(philosopher),Ernest_Lepore
Donald_Davidson_(philosopher),Robert_Brandom
Bayazid_Bastami,Muhammad_Iqbal
Anniceris,Aristippus
Claude_Lévi-Strauss,Maurice_Merleau-Ponty
Claude_Lévi-Strauss,Georg_Wilhelm_Friedrich_Hegel
Claude_Lévi-Strauss,Jean-Jacques_Rousseau
Marxists,Karl_Marx
Karl_Llewellyn,Rudolf_von_Jhering
Muhammad_al-Bukhari,Yahya_ibn_Ma'in
André_Gorz,Ivan_Illich
André_Gorz,Jean-Paul_Sartre
Junius_Rusticus,Epictetus
Max_Black,G._E._Moore
Ahmed_Raza_Khan_Barelvi,Burhan_al-Din_al-Marghinani
John_McDowell,Immanuel_Kant
John_McDowell,Philippa_Foot
Jack_Balkin,T._K._Seung
Alfred_Marshall,Herbert_Spencer
Renzo_Novatore,Georges_Palante
Renzo_Novatore,Severino_Di_Giovanni
Gilbert_Ryle,R._M._Hare
Gilbert_Ryle,Daniel_Dennett
Gilbert_Ryle,Franz_Brentano
Mirza_Mazhar_Jan-e-Janaan,Ahmad_Sirhindi
Mirza_Mazhar_Jan-e-Janaan,Ibn_Abidin
Mirza_Mazhar_Jan-e-Janaan,Qadi_Thanaullah_Panipati
Marco_Pallis,René_Guénon
James_Moore_(Cornish_author),George_Gurdjieff
Timon_of_Phlius,Pyrrho
Léon_Brunschvicg,Alexandre_Koyré
Charles_Taylor_(philosopher),Axel_Honneth
Charles_Taylor_(philosopher),Georg_Wilhelm_Friedrich_Hegel
Charles_Taylor_(philosopher),Hubert_Dreyfus
Charles_Taylor_(philosopher),Hannah_Arendt
"Henry_Home,_Lord_Kames",David_Hume
Hans-Georg_Gadamer,Wilhelm_Dilthey
Hans-Georg_Gadamer,Georg_Wilhelm_Friedrich_Hegel
Hans-Georg_Gadamer,Richard_Rorty
Berl_Katznelson,A._D._Gordon
Taha_Hussein,Naguib_Mahfouz
Nancy_Fraser,Martha_Fineman
Victor_Cousin,Thomas_Reid
Victor_Cousin,Maine_de_Biran
Stephen_Mulhall,Stanley_Cavell
Katherine_Mansfield,George_Gurdjieff
T._K._Seung,David_Williams_(philosopher)
Jacques_Barzun,Louis_Arnaud_Reid
Khâlid-i_Baghdâdî,Ahmad_Sirhindi
Epictetus,Han_Ryner
Epictetus,Marcus_Aurelius
Epictetus,Arrian
Epictetus,Zeno_of_Citium
Neil_Smith_(linguist),Noam_Chomsky
Wilhelm_Dilthey,Max_Scheler
Wilhelm_Dilthey,Georg_Wilhelm_Friedrich_Hegel
Wilhelm_Dilthey,Ludwig_von_Mises
Wilhelm_Dilthey,Rudolf_Steiner
Wilhelm_Dilthey,R._G._Collingwood
Wilhelm_Dilthey,Mikhail_Bakhtin
Wilhelm_Dilthey,Jürgen_Habermas
Wilhelm_Dilthey,John_Stuart_Mill
Iamblichus,Plotinus
Peter_Abelard,Boethius
Jawdat_Said,Muhammad_Iqbal
Hermann_Cohen,Friedrich_Albert_Lange
Augustine_of_Hippo,Plotinus
Julian_C._Boyd,Noam_Chomsky
Gaudiya_Vaishnavism,Jiva_Goswami
Cornel_West,Antonio_Gramsci
Robert_Dilts,John_Grinder
Peter_Unger,Peter_Singer
Bengali_Language_Movement,Motiur_Rahman_Mollik
Daniel_Ross_(philosopher),Bernard_Stiegler
Candace_Vogler,Philippa_Foot
Noël_Carroll,Arthur_Danto
Confucius,Ezra_Pound
Confucius,Xunzi
Confucius,Physiocracy
Horace,Philodemus
Albert_Blumberg,Moritz_Schlick
Seneca_the_Younger,Zeno_of_Citium
Wynn_Schwartz,Peter_G._Ossorio
Milton_H._Erickson,John_Grinder
Ernest_Gellner,Ian_Jarvie
Ernest_Gellner,Mikhail_Kryukov
Ernest_Gellner,Joseph_Agassi
Ernest_Gellner,José_Guilherme_Merquior
Ernest_Gellner,Andrey_Korotayev
Ernest_Gellner,Anthony_D._Smith
Ernest_Gellner,Alan_Macfarlane
Ernest_Gellner,Adam_Kuper
Ernest_Gellner,Valery_Tishkov
Jean_Barbeyrac,Hugo_Grotius
Scottish_Enlightenment,Hugo_Grotius
Antoine_Arnauld,Blaise_Pascal
Michel_Serres,Gaston_Bachelard
Michel_Serres,Pierre_Lévy
Michel_Serres,Bruno_Latour
Harrison_White,Georg_Simmel
Muhammad_Tahir,Muhammad_Sirajuddin_Naqshbandi
Muhammad_Tahir,Allah_Bakhsh
Muhammad_Tahir,Allama_Muhammad_Idrees_Dahiri
Muhammad_Tahir,Fazal_Ali_Qureshi
Muhammad_Tahir,Abdul_Ghaffar_Naqshbandi
Maurice_Merleau-Ponty,Cornelius_Castoriadis
Maurice_Merleau-Ponty,Eugène_Minkowski
Maurice_Merleau-Ponty,Jean-Paul_Sartre
Maurice_Merleau-Ponty,Hubert_Dreyfus
Maurice_Merleau-Ponty,Alfred_North_Whitehead
Maurice_Merleau-Ponty,Hannah_Arendt
Maurice_Merleau-Ponty,Gilles_Deleuze
Alfred_Tarski,Rudolf_Carnap
Alfred_Tarski,Franz_Brentano
"Louis_Mountbatten,_1st_Earl_Mountbatten_of_Burma",Syed_Ahmed_Khan
Ted_Cohen,Stanley_Cavell
Tanya_Reinhart,Noam_Chomsky
Christoph_von_Sigwart,Bertrand_Russell
Christoph_von_Sigwart,F._H._Bradley
Christoph_von_Sigwart,William_James
Philo_of_Larissa,Arcesilaus
Herbert_McCabe,Seamus_Heaney
Herbert_McCabe,Anthony_Kenny
Herbert_McCabe,Brian_Davies_(philosopher)
Johannes_Tauler,Meister_Eckhart
Qutb_al-Din_al-Shirazi,Kamāl_al-Dīn_al-Fārisī
Enver_Hoxha,Karl_Marx
Ayn_Rand,Herbert_Spencer
Rudolf_Carnap,Hans_Reichenbach
Rudolf_Carnap,Imre_Lakatos
Rudolf_Carnap,David_Kaplan_(philosopher)
Rudolf_Carnap,David_Lewis_(philosopher)
Rudolf_Carnap,Gottlob_Frege
Rudolf_Carnap,Analytic_philosophy
Rudolf_Carnap,Karl_Popper
Rudolf_Carnap,Willard_Van_Orman_Quine
Tomás_Mac_Giolla,Roy_Johnston
Thomas_Reid,G._E._Moore
Thomas_Reid,David_Hume
Thomas_Reid,George_Berkeley
Thomas_Reid,David_Hartley_(philosopher)
Thomas_Reid,William_James
Roy_Bhaskar,Horace_Romano_Harré
John_Haugeland,Hubert_Dreyfus
Situationist_International,Karl_Marx
David_Stove,John_Anderson_(philosopher)
John_O'Donohue,Georg_Wilhelm_Friedrich_Hegel
Ivan_Illich,Bob_Black
Ivan_Illich,Lee_Felsenstein
Ivan_Illich,Wolfgang_Sachs
Ivan_Illich,Everett_Reimer
Ivan_Illich,John_Zerzan
Giordano_Bruno,James_Joyce
Giordano_Bruno,Hans_Blumenberg
Giordano_Bruno,Gottfried_Wilhelm_Leibniz
Giordano_Bruno,Nicola_Antonio_Stigliola
Giordano_Bruno,Arthur_Schopenhauer
Andrew_Sullivan,Michael_Oakeshott
John_Bowlby,Mary_Ainsworth
Ayatollah,Allama_Amjad_Jauhari
Blaise_Pascal,Michel_de_Montaigne
Omar_Khayyám,Attar_of_Nishapur
J._P._Moreland,William_Lane_Craig
Richard_Swinburne,Antony_Flew
Maurice_Cowling,Michael_Oakeshott
Pope_Sixtus_IV,Duns_Scotus
John_Passmore,John_Anderson_(philosopher)
Siger_of_Brabant,Averroes
Martin_Lings,René_Guénon
Muhammad_Sirajuddin_Naqshbandi,Fazal_Ali_Qureshi
Kazimierz_Twardowski,Franz_Brentano
Ian_Roderick_Macneil,Lon_L._Fuller
Socrates,Western_philosophy
Socrates,Aristippus
Epicureanism,Philodemus
Nick_Land,Reza_Negarestani
Fiqh,Ahmad_Sirhindi
Friedrich_Schleiermacher,Karl_Barth
Friedrich_Schleiermacher,Paul_Tillich
A._D._Gordon,Eliezer_Schweid
William_Graham_Sumner,Herbert_Spencer
Albert_Einstein,David_Hume
Albert_Einstein,Moritz_Schlick
Gaston_Bachelard,Michel_Tournier
Gaston_Bachelard,Cornelius_Castoriadis
Gaston_Bachelard,Émile_Meyerson
Gaston_Bachelard,Pierre_Bourdieu
Gaston_Bachelard,Alexandre_Koyré
Gaston_Bachelard,Jean-Michel_Berthelot
Gaston_Bachelard,Gilbert_Durand
Gaston_Bachelard,Thomas_Kuhn
Gaston_Bachelard,Jean-Louis_Le_Moigne
Arthur_Danto,Georg_Wilhelm_Friedrich_Hegel
Wilhelm_Windelband,Hermann_Lotze
Axel_Honneth,Max_Horkheimer
Walter_Benjamin,Carl_Schmitt
Walter_Benjamin,Georges_Sorel
Walter_Benjamin,Max_Horkheimer
Pedro_Henríquez_Ureña,Alejandro_Korn
Colin_McGinn,Arda_Denkel
Colin_McGinn,Noam_Chomsky
Thomas_Nagel,John_Rawls
Friedrich_Albert_Lange,Eduard_Bernstein
Philosophy_of_science,Thomas_Kuhn
John_Frame_(theologian),Cornelius_Van_Til
Evan_Thompson,Dan_Zahavi
Osvaldo_Lira,Juan_Vázquez_de_Mella
Karl_Leonhard_Reinhold,Salomon_Maimon
Karl_Leonhard_Reinhold,Johann_Gottlieb_Fichte
Benito_Mussolini,Georges_Sorel
Jane_Heap,George_Gurdjieff
Ahmad_Sirhindi,Islamic_philosophy
Ahmad_Sirhindi,Muhammad_Iqbal
Néstor_García_Canclini,Antonio_Gramsci
Michael_Oakeshott,F._H._Bradley
Michael_Oakeshott,Margaret_Thatcher
Joseph_Dietzgen,Karl_Marx
Joseph_Dietzgen,Vladimir_Lenin
Stilpo,Nicarete_of_Megara
Stilpo,Crates_of_Thebes
Stilpo,Asclepiades_of_Phlius
Stilpo,Zeno_of_Citium
Stilpo,Menedemus
René_Guénon,Michel_Valsan
René_Guénon,Mircea_Eliade
René_Guénon,Raymond_Queneau
René_Guénon,Jean-Louis_Michon
René_Guénon,Huston_Smith
René_Guénon,Ananda_Coomaraswamy
Pierre_Louis_Maupertuis,Gottfried_Wilhelm_Leibniz
Kamāl_al-Dīn_al-Fārisī,Nasir_al-Din_al-Tusi
John_Clarke_(Dean_of_Salisbury),William_Wollaston
Bernard_Mandeville,William_Petty
Mordecai_Kaplan,William_James
Mordecai_Kaplan,Alfred_North_Whitehead
Maria_Lacerda_de_Moura,Han_Ryner
Antonio_Gramsci,Benedetto_Croce
Antonio_Gramsci,Jalal_Al-e-Ahmad
Antonio_Gramsci,Karl_Marx
Antonio_Gramsci,Judith_Butler
Antonio_Gramsci,Niccolò_Machiavelli
Antonio_Gramsci,Chantal_Mouffe
Antonio_Gramsci,Georges_Sorel
Antonio_Gramsci,Alex_Callinicos
Antonio_Gramsci,Giovanni_Arrighi
Antonio_Gramsci,Stuart_Hall_(cultural_theorist)
Antonio_Gramsci,Robert_W._Cox
Antonio_Gramsci,Piero_Gobetti
Antonio_Gramsci,Antonio_Labriola
Antonio_Gramsci,Domenico_Losurdo
Robert_M._Pirsig,Richard_McKeon
Karl_Barth,Georg_Wilhelm_Friedrich_Hegel
Jan_Hus,John_Wycliffe
Jan_Hus,Martin_Luther
Hans_Reichenbach,Vienna_Circle
Georg_Wilhelm_Friedrich_Hegel,Benedetto_Croce
Georg_Wilhelm_Friedrich_Hegel,Walt_Whitman
Georg_Wilhelm_Friedrich_Hegel,Guy_Debord
Georg_Wilhelm_Friedrich_Hegel,Fyodor_Dostoyevsky
Georg_Wilhelm_Friedrich_Hegel,Lev_Vygotsky
Georg_Wilhelm_Friedrich_Hegel,Jürgen_Moltmann
Georg_Wilhelm_Friedrich_Hegel,Karl_Marx
Georg_Wilhelm_Friedrich_Hegel,Judith_Butler
Georg_Wilhelm_Friedrich_Hegel,Herbert_Marcuse
Georg_Wilhelm_Friedrich_Hegel,Johann_Gottfried_Herder
Georg_Wilhelm_Friedrich_Hegel,Evald_Ilyenkov
Georg_Wilhelm_Friedrich_Hegel,Alexandre_Koyré
Georg_Wilhelm_Friedrich_Hegel,Slavoj_Žižek
Georg_Wilhelm_Friedrich_Hegel,Jean-Paul_Sartre
Georg_Wilhelm_Friedrich_Hegel,F._H._Bradley
Georg_Wilhelm_Friedrich_Hegel,Roberto_Mangabeira_Unger
Georg_Wilhelm_Friedrich_Hegel,Alexandre_Kojève
Georg_Wilhelm_Friedrich_Hegel,Max_Horkheimer
Georg_Wilhelm_Friedrich_Hegel,Peter_Singer
Georg_Wilhelm_Friedrich_Hegel,Vladimir_Lenin
Georg_Wilhelm_Friedrich_Hegel,Hermann_Lotze
Georg_Wilhelm_Friedrich_Hegel,Johann_Gottlieb_Fichte
Georg_Wilhelm_Friedrich_Hegel,Friedrich_Heinrich_Jacobi
Georg_Wilhelm_Friedrich_Hegel,Søren_Kierkegaard
Georg_Wilhelm_Friedrich_Hegel,Immanuel_Kant
Georg_Wilhelm_Friedrich_Hegel,David_Strauss
Georg_Wilhelm_Friedrich_Hegel,Johannes_Scotus_Eriugena
Georg_Wilhelm_Friedrich_Hegel,Wolfhart_Pannenberg
Georg_Wilhelm_Friedrich_Hegel,Jürgen_Habermas
Georg_Wilhelm_Friedrich_Hegel,Jacques_Derrida
Georg_Wilhelm_Friedrich_Hegel,Thomas_Hill_Green
Georg_Wilhelm_Friedrich_Hegel,Montesquieu
Georg_Wilhelm_Friedrich_Hegel,Jean-Jacques_Rousseau
Georg_Wilhelm_Friedrich_Hegel,Robert_Brandom
Georg_Wilhelm_Friedrich_Hegel,Gilles_Deleuze
Georg_Wilhelm_Friedrich_Hegel,Frantz_Fanon
Wilhelm_von_Humboldt,Christian_Jakob_Kraus
Jean-Claude_Milner,Imre_Lakatos
Benedetto_Croce,R._G._Collingwood
Benedetto_Croce,Antonio_Labriola
Benedetto_Croce,Jean-Jacques_Rousseau
Félix_Guattari,Guy_Hocquenghem
Félix_Guattari,Michael_Hardt
Félix_Guattari,Gilles_Deleuze
Félix_Guattari,Antonio_Negri
Cornelius_Castoriadis,Guy_Debord
Cornelius_Castoriadis,Maurice_Brinton
Cornelius_Castoriadis,Hannah_Arendt
Nanavira_Thera,Jean-Paul_Sartre
Bob_Black,Herbert_Marcuse
Bob_Black,CrimethInc.
Bob_Black,Raoul_Vaneigem
Bob_Black,Charles_Fourier
Crates_of_Thebes,Hipparchia_of_Maroneia
Crates_of_Thebes,Zeno_of_Citium
Robert_Peel,Edmund_Burke
Hegesias_of_Cyrene,Aristippus
Michael_Albert,Noam_Chomsky
Pierre_Bourdieu,Michel_de_Certeau
Pierre_Bourdieu,Karl_Marx
Philosophy,Thomas_Kuhn
Pakistan_Movement,Ghulam_Bhik_Nairang
Pakistan_Movement,Muhammad_Iqbal
Imre_Lakatos,Paul_Feyerabend
Imre_Lakatos,Thomas_Kuhn
Che_Guevara,Karl_Marx
Che_Guevara,Jean-Paul_Sartre
Che_Guevara,Alexander_Herzen
Ray_Jackendoff,Noam_Chomsky
Louis_Gabriel_Ambroise_de_Bonald,Gottfried_Wilhelm_Leibniz
Guy_Debord,Karl_Marx
Guy_Debord,May_1968_in_France
Guy_Debord,Henri_Lefebvre
Post-left_anarchy,Raoul_Vaneigem
Ola_Raknes,William_James
Peter_Brook,George_Gurdjieff
Alexander_Gottlieb_Baumgarten,Immanuel_Kant
Anton_LaVey,Herbert_Spencer
David_Malet_Armstrong,John_Anderson_(philosopher)
Arcesilaus,Pyrrho
Arcesilaus,Lacydes_of_Cyrene
Arcesilaus,Clitomachus_(philosopher)
Carl_Schmitt,Georges_Sorel
Roderick_Chisholm,Franz_Brentano
John_Anderson_(philosopher),Samuel_Alexander
John_Anderson_(philosopher),J._L._Mackie
John_Anderson_(philosopher),Eugene_Kamenka
John_Anderson_(philosopher),A._J._Baker
Ibrahim_ibn_Ya'qub_al-Juzajani,Yahya_ibn_Ma'in
Ibrahim_ibn_Ya'qub_al-Juzajani,Ali_ibn_al-Madini
Muqbil_bin_Haadi_al-Waadi'ee,Ibn_Abi_Asim
Oets_Kolk_Bouwsma,Norman_Malcolm
Zhu_Xi,Wang_Yangming
Zhu_Xi,Tu_Weiming
Zhu_Xi,Yi_Hwang
Zhu_Xi,Ch'ien_Mu
Mao_Zedong,Karl_Marx
Mao_Zedong,Alexander_Herzen
Ronald_Dworkin,Lon_L._Fuller
Ronald_Dworkin,Robert_Alexy
Ronald_Dworkin,John_Stuart_Mill
Paul_Ricœur,Don_Ihde
Paul_Ricœur,Jacques_Derrida
Alan_Chadwick,Rudolf_Steiner
Muhammad_Mustafa_Jauhar,Allama_Amjad_Jauhari
Crates_of_Athens,Pyrrho
Syed_Ahmed_Khan,All-India_Muslim_League
"Oliver_Wendell_Holmes,_Jr.",Zechariah_Chafee
Robert_Nozick,Immanuel_Kant
Robert_Nozick,John_Stuart_Mill
Bruno_Bosteels,Alain_Badiou
Johann_Georg_Hamann,David_Hume
Desiderius_Erasmus,Damião_de_Góis
Desiderius_Erasmus,Giovanni_Pico_della_Mirandola
Desiderius_Erasmus,William_Tyndale
Desiderius_Erasmus,John_Colet
Desiderius_Erasmus,Martin_Luther
Wassily_Kandinsky,Rudolf_Steiner
Pierre-Joseph_Proudhon,Karl_Marx
Pierre-Joseph_Proudhon,Benjamin_Tucker
Pierre-Joseph_Proudhon,Georges_Sorel
Pierre-Joseph_Proudhon,Peter_Kropotkin
Pierre-Joseph_Proudhon,Joseph_Déjacque
Pierre-Joseph_Proudhon,Emma_Goldman
Pierre-Joseph_Proudhon,Charles_Fourier
Pierre-Joseph_Proudhon,Édouard_Depreux
Pierre-Joseph_Proudhon,Hugo_Grotius
Pierre-Joseph_Proudhon,Leo_Tolstoy
Raymond_Queneau,Alexandre_Kojève
Zechariah_Chafee,John_Stuart_Mill
Reception_theory,Karel_Kosík
Alejandro_Korn,Francisco_Romero_(philosopher)
Alejandro_Korn,Juan_José_Arévalo
Bertrand_Russell,Ludwig_Wittgenstein
Bertrand_Russell,G._E._Moore
Bertrand_Russell,David_Hume
Bertrand_Russell,Gottfried_Wilhelm_Leibniz
Bertrand_Russell,Gottlob_Frege
Bertrand_Russell,Hermann_Lotze
Bertrand_Russell,Alfred_North_Whitehead
Bertrand_Russell,George_Santayana
Bertrand_Russell,Richard_McKeon
Bertrand_Russell,John_Stuart_Mill
Bertrand_Russell,Franz_Brentano
Ludwig_Wittgenstein,G._E._Moore
Ludwig_Wittgenstein,Gottlob_Frege
Ludwig_Wittgenstein,William_James
Norbert_Hornstein,Noam_Chomsky
Sociology,Thomas_Hobbes
Ludwig_von_Mises,Immanuel_Kant
Ludwig_von_Mises,Franz_Brentano
José_Esteban_Muñoz,Judith_Butler
Jason_Barker,Alain_Badiou
W._B._Yeats,Edmund_Burke
Jerry_Fodor,David_Hume
Jerry_Fodor,Hilary_Putnam
Jerry_Fodor,Ernest_Lepore
Jerry_Fodor,Noam_Chomsky
Jean_Grenier,Georges_Palante
George_Herbert_Mead,Alfred_North_Whitehead
Jürgen_Moltmann,Ernst_Bloch
Karl_Haushofer,Oswald_Spengler
Hisham_ibn_Urwah,Malik_ibn_Anas
Michael_Hardt,Slavoj_Žižek
Michael_Hardt,Antonio_Negri
Jeremy_Bentham,David_Hume
Jeremy_Bentham,John_Stuart_Mill
Victor_Prosper_Considerant,Charles_Fourier
Martha_Nussbaum,Stanley_Cavell
Maurice_Blondel,Maine_de_Biran
Peter_Geach,Anthony_Kenny
Harry_Frankfurt,Susan_Wolf
Harry_Frankfurt,J._David_Velleman
Political_philosophy,Thomas_Hobbes
Phillip_Blond,David_Cameron
Jack_London,Herbert_Spencer
Karl_Marx,Rosa_Luxemburg
Karl_Marx,Herbert_Marcuse
Karl_Marx,Fidel_Castro
Karl_Marx,William_Petty
Karl_Marx,Jean-Paul_Sartre
Karl_Marx,Ho_Chi_Minh
Karl_Marx,Joseph_Schumpeter
Karl_Marx,Vladimir_Lenin
Karl_Marx,Peter_Kropotkin
Karl_Marx,Josip_Broz_Tito
Karl_Marx,M._N._Roy
Karl_Marx,Charles_Fourier
Karl_Marx,Jean-Jacques_Rousseau
Karl_Marx,Hannah_Arendt
Karl_Marx,Noam_Chomsky
Karl_Marx,Gilles_Deleuze
Karl_Marx,Antonio_Negri
Simone_Weil,Pope_Paul_VI
Simone_Weil,Anne_Carson
Pyrrho,David_Hume
Christian_Molbech,Søren_Kierkegaard
Meister_Eckhart,Eckhart_Tolle
Wolfgang_Smith,Alfred_North_Whitehead
Jorge_Luis_Borges,George_Berkeley
Judith_Butler,Kate_Bornstein
Judith_Butler,Eve_Kosofsky_Sedgwick
Judith_Butler,Lauren_Berlant
Émile_Durkheim,William_James
Émile_Durkheim,Immanuel_Kant
Émile_Durkheim,Herbert_Spencer
Émile_Durkheim,Montesquieu
Émile_Durkheim,Jean-Jacques_Rousseau
Ruđer_Bošković,Gottfried_Wilhelm_Leibniz
Gianni_Vattimo,Richard_Rorty
Timothy_J._Keller,Cornelius_Van_Til
Louis_Antoine_de_Saint-Just,Jean-Jacques_Rousseau
David_Hume,Niccolò_Machiavelli
David_Hume,Alexander_Hamilton
David_Hume,Gottfried_Wilhelm_Leibniz
David_Hume,David_Lewis_(philosopher)
David_Hume,J._L._Mackie
David_Hume,Ernst_Mach
David_Hume,George_Berkeley
David_Hume,Friedrich_Heinrich_Jacobi
David_Hume,Karl_Popper
David_Hume,Daniel_Dennett
David_Hume,William_James
David_Hume,Simon_Blackburn
David_Hume,Immanuel_Kant
David_Hume,John_Stuart_Mill
David_Hume,Montesquieu
David_Hume,Arthur_Schopenhauer
David_Hume,Noam_Chomsky
David_Hume,Gilles_Deleuze
David_Hume,Willard_Van_Orman_Quine
Giovanni_Pico_della_Mirandola,John_Colet
Ibn_Battah,Al-Hasan_ibn_'Ali_al-Barbahari
Niccolò_Machiavelli,Realism_in_international_relations
Niccolò_Machiavelli,Giambattista_Vico
Niccolò_Machiavelli,Vincenzo_Cuoco
Niccolò_Machiavelli,Francis_Bacon
Niccolò_Machiavelli,Jean-Jacques_Rousseau
Niccolò_Machiavelli,John_Adams
Niccolò_Machiavelli,Thomas_Hobbes
Alain_Badiou,Slavoj_Žižek
Alain_Badiou,Jean-Paul_Sartre
Alain_Badiou,Oliver_Feltham
Alain_Badiou,Hannah_Arendt
May_1968_in_France,Raoul_Vaneigem
Andrew_Feenberg,Herbert_Marcuse
Averroes,Boetius_of_Dacia
Averroes,Thomas_Aquinas
Mulla_Sadra,Islamic_philosophy
Mulla_Sadra,Iranian_philosophy
Jean_Bodin,Montesquieu
Rudolf_Steiner,Albert_Schweitzer
Rudolf_Steiner,Johann_Gottlieb_Fichte
Rudolf_Steiner,Karl_Robert_Eduard_von_Hartmann
Rudolf_Steiner,Owen_Barfield
Rudolf_Steiner,Franz_Brentano
Rudolf_Steiner,Hugo_Bergmann
Salomon_Maimon,Moses_Mendelssohn
Salomon_Maimon,Johann_Gottlieb_Fichte
Salomon_Maimon,Gilles_Deleuze
Morris_Raphael_Cohen,William_James
Paul_Guyer,Stanley_Cavell
Amin_Ahsan_Islahi,Khalid_Masud
Amin_Ahsan_Islahi,Israr_Ahmed
Iorgu_Iordan,Lazăr_Șăineanu
Aristippus_the_Younger,Aristippus
Ernst_Bloch,Ernesto_Balducci
John_Lemmon,Arthur_Prior
Colin_Wilson,George_Gurdjieff
Han_Ryner,Iniciales
Edmund_Burke,Roger_Scruton
Edmund_Burke,George_Berkeley
Edmund_Burke,Russell_Kirk
Edmund_Burke,Karl_Popper
Edmund_Burke,Immanuel_Kant
Edmund_Burke,"John_Dalberg-Acton,_1st_Baron_Acton"
Edmund_Burke,Montesquieu
Edmund_Burke,Hannah_Arendt
Muhammad_Nasiruddin_al-Albani,Ibn_Abi_Asim
Gabriel_Marcel,Emmanuel_Levinas
Gaetano_Mosca,Joseph_Schumpeter
Gaetano_Mosca,Seymour_Martin_Lipset
Gottfried_Wilhelm_Leibniz,Duns_Scotus
Gottfried_Wilhelm_Leibniz,Giambattista_Vico
Gottfried_Wilhelm_Leibniz,Immanuel_Kant
Gottfried_Wilhelm_Leibniz,Thomas_Hobbes
Gottfried_Wilhelm_Leibniz,Gilles_Deleuze
Georg_Simmel,Lewis_A._Coser
Herbert_Marcuse,Max_Horkheimer
Herbert_Marcuse,John_Zerzan
Herbert_Marcuse,Jürgen_Habermas
Herbert_Marcuse,Norman_O._Brown
Marcus_Aurelius,Zeno_of_Citium
Derrick_Jensen,John_Zerzan
Species_Traitor,John_Zerzan
Samuel_Alexander,Alfred_North_Whitehead
Maximilien_Robespierre,Jean-Jacques_Rousseau
Jacques_Rancière,Slavoj_Žižek
Jacques_Rancière,Todd_May
Jacques_Rancière,Kristin_Ross
Jacques_Rancière,Étienne_Balibar
Paul_de_Man,Jacques_Derrida
Paul_de_Man,Jean-Jacques_Rousseau
A._C._Grayling,John_Stuart_Mill
Pakistan,Muhammad_Iqbal
Platonism_in_the_Renaissance,Plotinus
Cornelius_Van_Til,"Richard_L._Pratt,_Jr."
Cornelius_Van_Til,Francis_Schaeffer
Cornelius_Van_Til,Greg_Bahnsen
Johann_Gottfried_Herder,Johann_Wolfgang_von_Goethe
Talcott_Parsons,Alfred_North_Whitehead
R._G._Collingwood,F._H._Bradley
Hierocles_of_Alexandria,Plotinus
Hilary_Putnam,David_Lewis_(philosopher)
Hilary_Putnam,Daniel_Dennett
Hilary_Putnam,William_James
Hilary_Putnam,Tyler_Burge
Hilary_Putnam,Immanuel_Kant
Hilary_Putnam,Ned_Block
Gilbert_Harman,Noam_Chomsky
Alexandre_Koyré,Paul_Feyerabend
Alexandre_Koyré,Alexandre_Kojève
Alexandre_Koyré,Thomas_Kuhn
Hildegard_of_Bingen,Johannes_Scotus_Eriugena
John_Maynard_Keynes,William_Petty
John_Maynard_Keynes,John_Stuart_Mill
Adam_Weishaupt,Percy_Bysshe_Shelley
Michel_de_Montaigne,William_Shakespeare
Michel_de_Montaigne,Jean-Jacques_Rousseau
Elisabeth_Young-Bruehl,Hannah_Arendt
Kendall_Walton,Chris_Bateman
Jamiat_Ulema-e-Hind,Husain_Ahmed_Madani
World_Trade_Organization_Ministerial_Conference_of_1999_protest_activity,John_Zerzan
Bhagwan_Shree_Rajneesh,George_Gurdjieff
George_Gurdjieff,Robert_Fripp
George_Gurdjieff,Moshé_Feldenkrais
George_Gurdjieff,"Henry_Sinclair,_2nd_Baron_Pentland"
George_Gurdjieff,P._D._Ouspensky
George_Gurdjieff,Keith_Jarrett
Paul_Feyerabend,Thomas_Kuhn
Paul_Feyerabend,John_Stuart_Mill
Simón_Bolívar,Jean-Jacques_Rousseau
Philipp_Mainländer,Ulrich_Horstmann
Georges_Sorel,François_Perroux
Islamic_philosophy,Khwaja_Shamsuddin_Azimi
"Victoria,_Lady_Welby",Charles_Kay_Ogden
Maria_Montessori,Jean-Jacques_Rousseau
Jean-Paul_Sartre,Roberto_Mangabeira_Unger
Jean-Paul_Sartre,R._D._Laing
Jean-Paul_Sartre,Immanuel_Kant
Jean-Paul_Sartre,Alexander_Herzen
Jean-Paul_Sartre,Frantz_Fanon
Sam_Harris_(author),John_Stuart_Mill
Hugo_Chávez,Noam_Chomsky
F._H._Bradley,Alfred_North_Whitehead
F._H._Bradley,Thomas_Hill_Green
Howard_Lasnik,Noam_Chomsky
Ibn_Jurayj,‘Abd_ar-Razzaq_as-San‘ani
Allah_Bakhsh,Fazal_Ali_Qureshi
Allah_Bakhsh,Abdul_Ghaffar_Naqshbandi
Petr_Chelčický,Leo_Tolstoy
Petr_Chelčický,Moravian_Church
Duns_Scotus,Gilles_Deleuze
Duns_Scotus,Martin_Luther
Dagfinn_Føllesdal,Franz_Brentano
Ernst_Mach,George_Berkeley
Constructivist_epistemology,Paul_Watzlawick
Johann_Wolfgang_von_Goethe,Jean-Jacques_Rousseau
Jean_Bricmont,Noam_Chomsky
Classics,Homer
Max_Horkheimer,Erich_Fromm
Max_Horkheimer,Jürgen_Habermas
Alex_Callinicos,Chris_Harman
George_Berkeley,Immanuel_Kant
George_Berkeley,John_Stuart_Mill
George_Berkeley,Arthur_Schopenhauer
Giambattista_Vico,Hugo_Grotius
Oswald_Spengler,Ernst_Jünger
Peter_Singer,John_Stuart_Mill
Thomas_Walker_Arnold,Muhammad_Iqbal
Moses_Mendelssohn,Friedrich_Heinrich_Jacobi
Moses_Mendelssohn,David_Friedländer
Boethius,Plotinus
Boethius,Thomas_Aquinas
Boethius,Medieval_philosophy
Albani,Muhammad_ash-Shawkani
John_Lachs,George_Santayana
Jules_de_Gaultier,Lev_Shestov
Vladimir_Lenin,Alexander_Herzen
Western_philosophy,Immanuel_Kant
Khalilullah_Khalili,Muhammad_Iqbal
Hans_Christian_Ørsted,Immanuel_Kant
Ian_Rumfitt,Gottlob_Frege
Gottlob_Frege,Hermann_Lotze
Gottlob_Frege,Analytic_philosophy
Gottlob_Frege,Gershom_Scholem
Gottlob_Frege,Friedrich_Adolf_Trendelenburg
Hermann_Lotze,William_James
Hermann_Lotze,Borden_Parker_Bowne
Hermann_Lotze,Thomas_Hill_Green
David_Hartley_(philosopher),William_James
David_Hartley_(philosopher),James_Mill
Alexander_of_Aphrodisias,Theophrastus
Emil_Cioran,Lev_Shestov
Basil_Montagu,Francis_Bacon
Terrence_Malick,Stanley_Cavell
Khwaja_Shamsuddin_Azimi,Qalandar_Baba_Auliya
Peter_Kropotkin,Alexander_Herzen
Peter_Kropotkin,Charles_Fourier
Brief_psychotherapy,John_Grinder
Helena_Roerich,Ivan_Yefremov
Israr_Ahmed,Muhammad_Iqbal
CrimethInc.,Raoul_Vaneigem
CrimethInc.,John_Zerzan
Johann_Gottlieb_Fichte,Friedrich_Heinrich_Jacobi
Johann_Gottlieb_Fichte,Paul_Tillich
Johann_Gottlieb_Fichte,Thomas_Carlyle
Johann_Gottlieb_Fichte,Jean-Jacques_Rousseau
Wallace_Stevens,George_Santayana
Friedrich_Heinrich_Jacobi,Søren_Kierkegaard
Jan_Łukasiewicz,Franz_Brentano
Ernst_Cassirer,Immanuel_Kant
Stephen_Gilligan,John_Grinder
Neoplatonism_and_Gnosticism,Plotinus
Neoplatonism_and_Christianity,Plotinus
Dan_Goldstick,Miguel_Figueroa
John_Etchemendy,Gila_Sher
Søren_Kierkegaard,Immanuel_Kant
Søren_Kierkegaard,Friedrich_Adolf_Trendelenburg
Mark_Wrathall,Hubert_Dreyfus
Pierre_Janet,Maine_de_Biran
Leszek_Kołakowski,Christopher_Hitchens
Xavier_Zubiri,Graham_Harman
Pierre_Clastres,Gilles_Deleuze
Mustafa_Kemal_Atatürk,Jean-Jacques_Rousseau
Jun_Tsuji,Eisuke_Yoshiyuki
Bonaventure,Plotinus
Galvano_Della_Volpe,Jean-Jacques_Rousseau
Moritz_Schlick,Vienna_Circle
Louis_Arnaud_Reid,Lionel_Trilling
Karl_Popper,Immanuel_Kant
Karl_Popper,John_Stuart_Mill
Reinhart_Koselleck,Hannah_Arendt
Philip_Pettit,Hannah_Arendt
Svetozar_Marković,Nikola_Pašić
Thomas_Kuhn,Richard_Rorty
Theophrastus,Strato_of_Lampsacus
Theophrastus,Peripatetic_school
Francis_Bacon,Thomas_Jefferson
Francis_Bacon,Thomas_Hobbes
William_James,Charles_Bernard_Renouvier
William_James,Richard_Rorty
William_James,George_Santayana
William_James,John_Stuart_Mill
William_James,B._Alan_Wallace
William_Wollaston,John_Conybeare
Yu_Ying-shih,Ch'ien_Mu
Tim_van_Gelder,Hubert_Dreyfus
Joseph_Déjacque,Charles_Fourier
Francis_J._Beckwith,William_Lane_Craig
Richard_Cumberland_(philosopher),Hugo_Grotius
Steven_Pinker,Noam_Chomsky
Fazal_Ali_Qureshi,Sayyad_Laal_Shah_Hamdani
Fazal_Ali_Qureshi,Abdul_Ghaffar_Naqshbandi
Christian_von_Ehrenfels,Franz_Brentano
Christian_von_Ehrenfels,Felix_Weltsch
Hubert_Dreyfus,Richard_Rorty
Hubert_Dreyfus,Tao_Ruspoli
James_Mill,John_Stuart_Mill
Immanuel_Kant,John_Rawls
Immanuel_Kant,Jürgen_Habermas
Immanuel_Kant,Jean-Jacques_Rousseau
Immanuel_Kant,Hugo_Grotius
Immanuel_Kant,Arthur_Schopenhauer
Immanuel_Kant,Hannah_Arendt
Immanuel_Kant,Noam_Chomsky
Rudolf_Christoph_Eucken,Friedrich_Adolf_Trendelenburg
Alfred_North_Whitehead,Charles_Hartshorne
Alfred_North_Whitehead,Bruno_Latour
Alfred_North_Whitehead,Jean_Wahl
Alfred_North_Whitehead,Gilles_Deleuze
Alfred_North_Whitehead,Willard_Van_Orman_Quine
Archelaus_(philosopher),Anaxagoras
Raoul_Vaneigem,John_Zerzan
Raoul_Vaneigem,Charles_Fourier
Marc_Hauser,Noam_Chomsky
Richard_Rorty,Robert_Brandom
Norbert_Bolz,Jacob_Taubes
Plotinus,Johannes_Scotus_Eriugena
Plotinus,Arthur_Schopenhauer
Strato_of_Lampsacus,Pierre_Bayle
Naturalism_(philosophy),George_Santayana
Berengar_of_Tours,Johannes_Scotus_Eriugena
Johannes_Scotus_Eriugena,Thomas_Aquinas
Johannes_Scotus_Eriugena,Honorius_Augustodunensis
John_Rawls,John_Stuart_Mill
John_Rawls,Jean-Jacques_Rousseau
Robert_Lees_(linguist),Noam_Chomsky
Herbert_Spencer,Nikolay_Mikhaylovsky
Jürgen_Habermas,Hannah_Arendt
Jürgen_Habermas,Seyla_Benhabib
Friedrich_Adolf_Trendelenburg,Franz_Brentano
Robert_Fisk,Noam_Chomsky
Richard_McKeon,Eugene_Gendlin
Christopher_Hitchens,John_Stuart_Mill
Christopher_Hitchens,Noam_Chomsky
Jacques_Derrida,Jean-Jacques_Rousseau
Robert_Pogue_Harrison,Hannah_Arendt
Lev_Shestov,Sergei_Bulgakov
Lev_Shestov,John_Middleton_Murry
Montesquieu,Jean-Jacques_Rousseau
Montesquieu,Hannah_Arendt
Jean-Jacques_Rousseau,Hugo_Grotius
Jean-Jacques_Rousseau,Leo_Tolstoy
Franz_Brentano,Barry_Smith_(ontologist)
Franz_Brentano,Anton_Marty
Mark_Lance,Robert_Brandom
Hugo_Grotius,Thomas_Hobbes
Jakob_Schegk,Nicolaus_Taurellus
Hannah_Arendt,Richard_Sennett
Hannah_Arendt,Seyla_Benhabib
